".prob_HR",".pred_class",".true_class","strain","ampC.type.beta.lactamase","TEM.beta.lactamase","sulfonamide.resistant.sul","APH3","APH6","trimethoprim.resistant.dihydrofolate.reductase.dfr","streptothricin.acetyltransferase.SAT","ANT3","macrolide.phosphotransferase.MPH","CTX.M.beta.lactamase","chloramphenicol.acetyltransferase.CAT","AAC3","OXA.beta.lactamase","AAC6.Ib.cr","ANT2","fosfomycin.thiol.transferase","SHV.beta.lactamase","tetracycline.resistant.ribosomal.protection.protein","APH4","quinolone.resistance.protein.qnr","DHA.beta.lactamase"
0.559433980648893,"HR","HR","DA62886",2,1,1,0,1,1,0,0,0,0,0,0,0,0,0,0,0,0,0,0,0
0.101647976147829,"nonHR","nonHR","DA62888",2,0,0,0,0,0,0,0,0,0,0,0,0,0,0,0,0,0,0,0,0
0.173118463403402,"HR","nonHR","DA62890",2,0,0,0,0,0,0,0,0,0,0,0,0,0,0,0,0,0,0,0,0
0.102809496303356,"nonHR","nonHR","DA62892",3,1,1,1,1,1,0,0,0,0,0,0,0,0,0,0,0,0,0,0,0
0.00244003203169774,"nonHR","nonHR","DA62894",3,0,0,0,0,0,0,0,0,0,0,0,0,0,0,0,0,0,0,0,0
0.0482035222214257,"nonHR","nonHR","DA62896",3,0,0,0,0,0,0,0,0,0,0,0,0,0,0,0,0,0,0,0,0
0.102984891886185,"nonHR","nonHR","DA62898",2,0,0,0,0,0,0,0,0,0,0,0,0,0,0,0,0,0,0,0,0
0.0514507943885513,"nonHR","nonHR","DA62900",2,0,0,0,0,1,1,0,0,0,0,0,0,0,0,0,0,0,0,0,0
0.29338458036895,"HR","nonHR","DA62902",3,1,1,1,1,0,0,0,0,0,0,0,0,0,0,0,0,0,0,0,0
0.175670618644213,"HR","nonHR","DA62904",1,0,0,0,0,0,0,0,0,0,0,0,0,0,0,0,0,0,0,0,0
0.381343888321324,"HR","nonHR","DA62906",1,1,1,0,0,1,0,1,0,0,0,0,0,0,0,0,0,0,0,0,0
0.0182209136804791,"nonHR","nonHR","DA62908",2,0,0,0,0,0,0,0,0,0,0,0,0,0,0,0,0,0,0,0,0
0.41796341373247,"HR","nonHR","DA62910",3,1,2,1,1,1,0,1,1,0,0,0,0,0,0,0,0,0,0,0,0
0.0727864114164051,"nonHR","nonHR","DA62912",1,0,0,0,0,0,0,0,0,0,0,0,0,0,0,0,0,0,0,0,0
0.0183199155116197,"nonHR","nonHR","DA62914",2,0,0,0,0,0,0,0,0,0,0,0,0,0,0,0,0,0,0,0,0
0.531821197102452,"HR","nonHR","DA62916",3,1,1,2,1,1,0,0,0,0,0,0,0,0,0,0,0,0,0,0,0
0.600606509715921,"HR","nonHR","DA62918",2,1,1,0,0,0,0,0,0,0,0,0,0,0,0,0,0,0,0,0,0
0.514309857965534,"HR","HR","DA62920",3,1,1,1,1,1,0,0,0,0,0,0,0,0,0,0,0,0,0,0,0
0.487625076498587,"HR","nonHR","DA62922",1,1,1,0,0,1,0,1,0,0,0,0,0,0,0,0,0,0,0,0,0
0.101209810317563,"nonHR","nonHR","DA62924",2,0,0,0,0,0,0,0,0,0,0,0,0,0,0,0,0,0,0,0,0
0.0719512976093033,"nonHR","nonHR","DA62926",3,0,0,0,0,0,0,0,0,1,0,0,0,0,0,0,0,0,0,0,0
0.183234227871401,"HR","nonHR","DA62928",2,1,0,0,0,0,0,0,0,0,0,0,0,0,0,0,0,0,0,0,0
0.108244479548556,"nonHR","nonHR","DA62932",3,0,0,0,0,0,0,0,0,0,0,0,0,0,0,0,0,0,0,0,0
0.422433136120847,"HR","nonHR","DA62934",3,1,0,0,0,1,1,0,0,0,0,0,0,0,0,0,0,0,0,0,0
0.117429388919195,"nonHR","nonHR","DA62936",3,0,0,0,0,0,0,0,0,0,0,0,0,0,0,0,0,0,0,0,0
0.0381337480946314,"nonHR","nonHR","DA62938",3,0,0,0,0,0,0,0,0,0,0,0,0,0,0,0,0,0,0,0,0
0.0408765809198847,"nonHR","nonHR","DA62940",2,0,0,0,0,0,0,0,0,0,0,0,0,0,0,0,0,0,0,0,0
0.200576121038281,"HR","nonHR","DA62942",2,0,0,0,0,0,0,0,0,0,0,0,0,0,0,0,0,0,0,0,0
0.138187038185518,"nonHR","nonHR","DA62944",2,0,0,0,0,0,0,0,0,0,0,0,0,0,0,0,0,0,0,0,0
0.985624108020543,"HR","HR","DA62946",3,2,2,3,2,1,0,1,0,0,1,0,0,0,0,0,0,0,0,0,0
0.654080958114618,"HR","nonHR","DA62948",2,1,0,0,0,0,0,0,0,0,0,0,0,0,0,0,0,0,0,0,0
0.182461311589559,"HR","nonHR","DA62950",1,0,0,0,0,0,0,0,0,0,0,0,0,0,0,0,0,0,0,0,0
0.00926671009975566,"nonHR","nonHR","DA62952",3,0,0,0,0,0,0,0,0,0,0,0,0,0,0,0,0,0,0,0,0
0.974776223735857,"HR","HR","DA62954",1,1,1,0,0,1,0,1,1,2,1,1,0,0,0,0,0,0,0,0,0
0.645122213228432,"HR","nonHR","DA62956",1,1,1,0,0,1,0,1,0,0,0,0,0,0,0,0,0,0,0,0,0
0.596971044178672,"HR","HR","DA62958",3,1,0,0,0,0,0,0,0,0,0,0,0,0,0,0,0,0,0,0,0
0.0405755647811922,"nonHR","nonHR","DA62960",3,0,0,0,0,0,0,0,0,0,0,0,0,0,0,0,0,0,0,0,0
0.106913876055626,"nonHR","nonHR","DA62962",2,0,0,0,0,0,0,0,0,0,0,0,0,0,0,0,0,0,0,0,0
0.141924231203083,"nonHR","nonHR","DA62964",1,0,0,0,0,0,0,0,0,0,0,0,0,0,0,0,0,0,0,0,0
0.120123809362598,"nonHR","nonHR","DA62966",2,0,0,0,0,0,0,0,0,0,0,0,0,0,0,0,0,0,0,0,0
0.153733655393479,"nonHR","nonHR","DA62968",2,0,0,0,0,0,0,0,0,0,0,0,0,0,0,0,0,0,0,0,0
0.130638409430011,"nonHR","nonHR","DA62972",3,0,0,0,0,0,0,0,0,0,0,0,0,0,0,0,0,0,0,0,0
0.108625965126945,"nonHR","nonHR","DA62974",2,0,0,0,0,0,0,0,0,0,0,0,0,0,0,0,0,0,0,0,0
0.00575326978506163,"nonHR","nonHR","DA62976",3,0,0,0,0,0,0,0,0,0,0,0,0,0,0,0,0,0,0,0,0
0.696005539981942,"HR","HR","DA62978",3,0,0,0,0,0,0,0,0,0,0,1,1,1,0,0,0,0,0,0,0
0.0473470688387299,"nonHR","nonHR","DA62980",3,0,0,0,0,0,0,0,0,0,0,0,0,0,0,0,0,0,0,0,0
0.148224427354127,"nonHR","nonHR","DA62982",3,0,0,0,0,0,0,0,0,0,0,0,0,0,0,0,0,0,0,0,0
0.880296133065996,"HR","nonHR","DA62984",2,1,1,1,1,1,0,0,0,0,0,0,0,0,0,0,0,0,0,0,0
0.125311300787388,"nonHR","nonHR","DA62986",3,0,0,0,0,0,0,0,0,0,0,0,0,0,0,0,0,0,0,0,0
0.606013051663391,"HR","nonHR","DA62988",2,1,2,1,1,1,0,1,1,0,0,1,0,0,0,0,0,0,0,0,0
0.133725912560424,"nonHR","nonHR","DA62990",1,0,0,0,0,0,0,0,0,0,0,0,0,0,0,0,0,0,0,0,0
0.178345055473778,"HR","nonHR","DA62992",1,0,0,0,0,0,0,0,0,0,0,0,0,0,0,0,0,0,0,0,0
0.671914811211018,"HR","nonHR","DA62994",1,1,2,1,1,1,0,1,1,0,0,1,0,0,0,0,0,0,0,0,0
0.0854528601387907,"nonHR","nonHR","DA62996",2,0,0,0,0,0,0,0,0,0,0,0,0,0,0,0,0,0,0,0,0
0.865089671036004,"HR","HR","DA62998",1,1,0,0,0,0,0,0,0,0,0,0,0,0,0,0,0,0,0,0,0
0.0850927276894442,"nonHR","nonHR","DA63000",2,0,0,0,0,0,0,0,0,0,0,0,0,0,0,0,0,0,0,0,0
0.732354828989252,"HR","HR","DA63002",3,2,1,1,1,1,0,1,1,0,0,0,0,0,0,0,0,0,0,0,0
0.640547283835454,"HR","nonHR","DA63004",2,1,2,1,1,0,0,0,0,0,0,0,0,0,0,0,0,0,0,0,0
0.0382128504706329,"nonHR","nonHR","DA63006",2,0,0,0,0,0,0,0,0,0,0,0,0,0,0,0,0,0,0,0,0
0.0360075426079041,"nonHR","nonHR","DA63010",2,0,0,0,0,0,0,0,0,0,0,0,0,0,0,0,0,0,0,0,0
0.828989319267263,"HR","HR","DA63012",2,1,1,1,1,1,0,0,1,0,0,0,0,0,0,0,0,0,0,0,0
0.167470116498403,"HR","nonHR","DA63014",1,0,0,0,0,0,0,0,1,0,0,0,0,0,0,0,0,0,0,0,0
0.0197959382422482,"nonHR","nonHR","DA63016",2,0,0,0,0,0,0,0,0,0,0,0,0,0,0,0,0,0,0,0,0
0.886753141482076,"HR","nonHR","DA63020",3,1,1,1,1,1,0,0,0,0,1,0,0,0,0,0,0,0,0,0,0
0.0268360823966416,"nonHR","nonHR","DA63022",3,0,0,0,0,0,0,0,0,0,0,0,0,0,0,0,0,0,0,0,0
0.139589756703527,"nonHR","nonHR","DA63024",3,0,0,0,0,0,0,0,0,0,0,0,0,0,0,0,0,0,0,0,0
0.63480757617145,"HR","nonHR","DA63026",1,1,1,0,0,1,0,1,0,0,0,0,0,0,0,0,0,0,0,0,0
0.0609230466041998,"nonHR","nonHR","DA63028",2,0,0,0,0,0,0,0,0,0,0,0,0,0,0,0,0,0,0,0,0
0.939243233727193,"HR","HR","DA63030",1,1,2,1,1,1,0,1,1,1,0,2,1,1,0,0,0,0,0,0,0
0.642573054773591,"HR","nonHR","DA63032",3,1,0,0,0,0,0,0,0,0,0,0,0,0,0,0,0,0,0,0,0
0.647012802350668,"HR","nonHR","DA63034",2,1,1,0,0,1,0,0,0,0,0,0,0,0,0,0,0,0,0,0,0
0.0521292933530433,"nonHR","nonHR","DA63036",3,0,0,0,0,0,0,0,0,0,0,0,0,0,0,0,0,0,0,0,0
0.753293941291103,"HR","HR","DA63038",1,1,0,0,0,0,0,0,0,0,0,0,0,0,0,0,0,0,0,0,0
0.69623044509552,"HR","HR","DA63040",2,1,0,0,0,0,0,0,0,0,0,0,0,0,0,0,0,0,0,0,0
0.0474930847009433,"nonHR","nonHR","DA63042",2,0,0,0,0,0,0,0,0,0,0,0,0,0,0,0,0,0,0,0,0
0.13038261756858,"nonHR","nonHR","DA63044",2,0,0,0,0,0,0,0,0,0,0,0,0,0,0,0,0,0,0,0,0
0.992517461234174,"HR","HR","DA63046",3,2,3,2,2,1,0,0,0,0,0,0,0,0,0,0,0,0,0,0,0
0.460645138108457,"HR","nonHR","DA63048",3,1,2,0,0,1,0,1,0,0,0,0,0,0,0,0,0,0,0,0,0
0.178314779156979,"HR","nonHR","DA63050",2,0,0,0,0,0,0,0,0,0,0,0,0,0,0,0,0,0,0,0,0
0.228088018928465,"HR","nonHR","DA63052",2,1,0,0,0,0,0,0,0,0,0,0,0,0,0,0,0,0,0,0,0
0.236244917371761,"HR","nonHR","DA63054",3,0,2,1,1,1,0,1,1,1,0,0,0,0,0,0,0,0,0,0,0
0.0674184226019805,"nonHR","nonHR","DA63056",2,0,1,0,0,0,0,0,0,0,0,0,0,0,0,0,0,0,0,0,0
0.630486972714317,"HR","nonHR","DA63058",2,1,0,0,0,0,0,0,0,0,0,0,0,0,0,0,0,0,0,0,0
0.800647316775125,"HR","nonHR","DA63060",2,1,0,0,0,0,0,0,1,0,0,0,0,0,0,0,0,0,0,0,0
0.106739822123812,"nonHR","nonHR","DA63062",2,0,0,0,0,0,0,0,0,0,0,0,0,0,0,0,0,0,0,0,0
0.873978498099395,"HR","nonHR","DA63064",2,1,1,1,1,0,0,0,0,0,1,0,0,0,0,0,0,0,0,0,0
0.0646505380815419,"nonHR","nonHR","DA63066",2,0,1,0,0,0,0,0,0,0,0,0,0,0,0,0,0,0,0,0,0
0.0605990817969264,"nonHR","nonHR","DA63068",3,0,0,0,0,0,0,0,0,0,0,0,0,0,0,0,0,0,0,0,0
0.165410322159442,"HR","HR","DA63072",1,0,0,0,0,0,0,0,0,0,0,0,0,0,0,0,0,0,0,0,0
0.065656377786199,"nonHR","nonHR","DA63074",2,0,0,0,0,0,0,0,0,0,0,0,0,0,0,0,0,0,0,0,0
0.0217039400311775,"nonHR","nonHR","DA63078",3,0,0,0,0,0,0,0,0,0,0,0,0,0,0,0,0,0,0,0,0
0.10910517149101,"nonHR","nonHR","DA63080",3,0,1,2,1,0,0,0,0,0,1,0,0,0,0,0,0,0,0,0,0
0.994914702815861,"HR","HR","DA63082",3,2,3,4,2,0,0,0,0,0,1,0,0,0,0,0,0,0,0,0,0
0.0713861359734012,"nonHR","nonHR","DA63084",3,0,0,0,0,0,0,0,0,0,0,0,0,0,0,0,0,0,0,0,0
0.0755636727987161,"nonHR","nonHR","DA63088",2,0,0,0,0,0,0,0,0,0,0,0,0,0,0,0,0,0,0,0,0
0.0202413178065257,"nonHR","nonHR","DA63090",3,0,0,0,0,0,0,0,0,0,0,0,0,0,0,0,0,0,0,0,0
0.0203581846495778,"nonHR","nonHR","DA63092",3,0,0,0,0,0,0,0,0,0,0,0,0,0,0,0,0,0,0,0,0
0.138020863081593,"nonHR","nonHR","DA63094",2,0,0,0,0,0,0,0,0,0,0,0,0,0,0,0,0,0,0,0,0
0.00789971052482186,"nonHR","nonHR","DA63096",2,0,0,0,0,0,0,0,0,0,0,0,0,0,0,0,0,0,0,0,0
0.0697730109353206,"nonHR","nonHR","DA63100",2,0,0,0,0,0,0,0,0,0,0,0,0,0,0,0,0,0,0,0,0
0.0434838167974035,"nonHR","nonHR","DA63102",3,0,0,0,0,0,0,0,0,0,0,0,0,0,0,0,0,0,0,0,0
0.29506192445376,"HR","nonHR","DA63104",2,0,0,0,0,0,0,0,0,2,0,0,0,0,0,0,0,0,0,0,0
0.304409397528471,"HR","HR","DA63106",3,1,0,1,1,0,0,0,0,0,0,0,0,0,0,0,0,0,0,0,0
0.0448326859675049,"nonHR","nonHR","DA63108",3,0,0,0,0,0,0,0,0,0,0,0,0,0,0,0,0,0,0,0,0
0.0682796383636833,"nonHR","nonHR","DA63110",2,0,0,0,0,0,0,0,0,0,0,0,0,0,0,0,0,0,0,0,0
0.795860293448574,"HR","nonHR","DA63112",2,1,0,0,0,0,0,0,0,0,0,0,0,0,0,0,0,0,0,0,0
0.979339788625938,"HR","nonHR","DA63114",2,2,1,0,1,1,0,0,0,0,0,0,0,0,0,0,0,0,0,0,0
0.0464832800644591,"nonHR","nonHR","DA63118",2,0,0,0,0,0,0,0,0,0,0,0,0,0,0,0,0,0,0,0,0
0.762641215278109,"HR","nonHR","DA63120",3,2,2,1,1,1,0,1,1,0,0,0,0,0,0,0,0,0,0,0,0
0.600668554395013,"HR","HR","DA63122",3,1,1,1,1,1,0,0,0,0,0,0,0,0,0,0,0,0,0,0,0
0.0445095246656756,"nonHR","nonHR","DA63124",2,0,0,0,0,0,0,0,0,0,0,0,0,0,0,0,0,0,0,0,0
0.625291789792898,"HR","HR","DA63126",3,1,0,0,0,0,0,0,0,0,0,0,0,0,0,0,0,0,0,0,0
0.16597897956821,"HR","nonHR","DA63128",2,0,0,0,0,0,0,0,0,0,0,0,0,0,0,0,0,0,0,0,0
0.633642440767921,"HR","nonHR","DA63130",3,1,0,0,0,0,0,0,0,1,0,1,0,0,0,0,0,0,0,0,0
0.0754274136777483,"nonHR","nonHR","DA63134",3,0,0,0,0,0,0,0,0,0,0,0,0,0,0,0,0,0,0,0,0
0.0209241735362633,"nonHR","nonHR","DA63136",2,0,1,0,0,1,0,1,0,0,0,0,0,0,0,0,0,0,0,0,0
0.131907306127589,"nonHR","HR","DA63138",1,0,0,0,0,0,0,0,0,0,0,0,0,0,0,0,0,0,0,0,0
0.0693199111070695,"nonHR","nonHR","DA63140",2,0,1,1,1,0,0,0,0,0,0,0,0,0,0,0,0,0,0,0,0
0.858779601708501,"HR","nonHR","DA63142",3,1,0,1,1,0,0,0,0,0,0,0,0,0,0,0,0,0,0,0,0
0.742350785428522,"HR","HR","DA63144",2,1,1,0,0,0,0,0,0,0,0,0,0,0,0,0,0,0,0,0,0
0.909638480036792,"HR","HR","DA63146",2,1,1,2,1,1,1,0,0,0,1,0,0,0,0,0,0,0,0,0,0
0.0671478958685743,"nonHR","nonHR","DA63148",2,0,0,0,0,0,0,0,0,0,0,0,0,0,0,0,0,0,0,0,0
0.951208025935079,"HR","HR","DA63150",1,0,1,0,0,0,0,0,1,1,0,1,1,1,1,0,0,0,0,0,0
0.742612972144745,"HR","nonHR","DA63152",3,1,0,0,0,0,0,0,0,0,0,0,0,0,0,0,0,0,0,0,0
0.0435979329213722,"nonHR","nonHR","DA63154",1,0,0,0,0,0,0,0,0,0,0,0,0,0,0,0,0,0,0,0,0
0.0719731927825542,"nonHR","nonHR","DA63156",2,0,0,0,0,0,0,0,0,0,0,0,0,0,0,0,0,0,0,0,0
0.658211579952287,"HR","nonHR","DA63158",1,0,0,0,0,0,0,0,0,1,0,1,1,1,0,0,0,0,0,0,0
0.710839066951123,"HR","HR","DA63160",2,1,0,0,0,0,0,0,0,0,0,0,0,0,0,0,0,0,0,0,0
0.0139202127223124,"nonHR","nonHR","DA63162",2,0,0,0,0,0,0,0,0,0,0,0,0,0,0,0,0,0,0,0,0
0.827131204757588,"HR","HR","DA63164",2,2,3,1,1,3,0,2,1,0,1,1,0,0,0,0,0,0,0,0,0
0.0327793771504725,"nonHR","nonHR","DA63166",3,0,0,0,0,0,0,0,0,0,0,0,0,0,0,0,0,0,0,0,0
0.0387516268918291,"nonHR","nonHR","DA63168",2,0,0,0,0,0,0,0,0,0,0,0,0,0,0,0,0,0,0,0,0
0.0668580547670018,"nonHR","nonHR","DA63170",3,0,0,0,0,0,0,0,0,0,0,0,0,0,0,0,0,0,0,0,0
0.612532221234375,"HR","nonHR","DA63172",3,1,2,1,1,1,0,1,1,1,0,0,0,0,0,0,0,0,0,0,0
0.0665370959866178,"nonHR","nonHR","DA63174",2,0,0,0,0,0,0,0,0,0,0,0,0,0,0,0,0,0,0,0,0
0.0114702892556844,"nonHR","nonHR","DA63176",2,0,0,0,0,0,0,0,0,0,0,0,0,0,0,0,0,0,0,0,0
0.481042032084665,"HR","nonHR","DA63178",3,1,2,1,1,1,0,1,1,0,0,0,0,0,0,0,0,0,0,0,0
0.591617423501939,"HR","HR","DA63180",1,1,0,0,0,1,0,0,0,1,0,0,0,0,0,0,0,0,0,0,0
0.712950512875418,"HR","HR","DA63182",2,1,1,1,1,1,0,0,0,0,0,0,0,0,0,0,0,0,0,0,0
0.0026228504000364,"nonHR","nonHR","DA63184",3,0,0,0,0,0,0,0,0,0,0,0,0,0,0,0,0,0,0,0,0
0.7350036682346,"HR","HR","DA63186",2,1,0,0,0,0,0,0,0,0,0,0,0,0,0,0,0,0,0,0,0
0.080985297800681,"nonHR","nonHR","DA63188",2,0,0,0,0,0,0,0,0,0,0,0,0,0,0,0,0,0,0,0,0
0.113549185894597,"nonHR","nonHR","DA63190",2,0,0,0,0,0,0,0,0,0,0,0,0,0,0,0,0,0,0,0,0
0.0739930427931358,"nonHR","nonHR","DA63192",2,0,1,0,0,0,0,0,0,0,0,0,0,0,0,0,0,0,0,0,0
0.742852408329323,"HR","nonHR","DA63194",2,1,1,2,1,1,0,0,0,1,0,1,0,0,0,0,0,0,0,0,0
0.0548237477095891,"nonHR","nonHR","DA63196",2,0,0,0,0,0,0,0,0,0,0,0,0,0,0,0,0,0,0,0,0
0.200093827250431,"HR","nonHR","DA63198",1,0,0,0,0,0,0,0,0,1,0,0,0,0,0,0,0,0,0,0,0
0.114143843286916,"nonHR","nonHR","DA63200",2,0,0,0,0,0,0,0,0,0,0,0,0,0,0,0,0,0,0,0,0
0.896195137349119,"HR","HR","DA63202",1,0,1,0,0,0,0,0,1,1,0,1,1,1,1,0,0,0,0,0,0
0.0666091453728216,"nonHR","nonHR","DA63204",2,0,0,0,0,0,0,0,0,0,0,0,0,0,0,0,0,0,0,0,0
0.905559546560984,"HR","HR","DA63210",2,1,1,1,1,1,0,0,0,0,0,0,0,0,0,0,0,0,0,0,0
0.605105460005286,"HR","nonHR","DA63212",3,1,1,1,1,0,0,0,0,0,0,0,0,0,0,0,0,0,0,0,0
0.898422365346643,"HR","HR","DA63214",3,1,0,2,1,1,0,0,1,1,1,1,0,0,0,0,0,0,0,0,0
0.0774442239821528,"nonHR","nonHR","DA63216",1,0,0,0,0,0,0,0,0,0,0,0,0,0,0,0,0,0,0,0,0
0.315162415929121,"HR","nonHR","DA63218",3,1,1,1,1,1,0,0,0,0,0,0,0,0,0,0,0,0,0,0,0
0.0841573920329211,"nonHR","nonHR","DA63220",2,0,0,0,0,0,0,0,0,0,0,0,0,0,0,0,0,0,0,0,0
0.0816014834664355,"nonHR","nonHR","DA63222",2,0,0,0,0,1,0,0,0,0,0,0,0,0,0,0,0,0,0,0,0
0.134249156374924,"nonHR","nonHR","DA63224",2,0,0,0,0,0,0,0,0,0,0,0,0,0,0,0,0,0,0,0,0
0.821515630483498,"HR","nonHR","DA63226",2,1,1,2,1,1,0,0,0,1,0,1,0,0,0,0,0,0,0,0,0
0.0643491393635983,"nonHR","nonHR","DA63228",2,0,0,0,0,0,0,0,0,0,0,0,0,0,0,0,0,0,0,0,0
0.035559543654091,"nonHR","nonHR","DA63230",2,0,0,0,0,0,0,0,0,0,0,0,0,0,0,0,0,0,0,0,0
0.0418993590468596,"nonHR","nonHR","DA63232",2,0,0,0,0,0,0,0,0,0,0,0,0,0,0,0,0,0,0,0,0
0.0387828594918135,"nonHR","nonHR","DA63234",2,0,0,0,0,0,0,0,0,0,0,0,0,0,0,0,0,0,0,0,0
0.0514080222252642,"nonHR","nonHR","DA63236",2,0,0,0,0,0,0,0,0,0,0,0,0,0,0,1,0,0,0,0,0
0.47783630981586,"HR","nonHR","DA63238",3,1,2,2,1,1,0,1,1,0,1,0,0,0,0,0,0,0,0,0,0
0.135028197253243,"nonHR","nonHR","DA63240",2,0,0,0,0,0,0,0,0,0,0,0,0,0,0,0,0,0,0,0,0
0.0269280878895432,"nonHR","nonHR","DA63242",3,0,0,0,0,0,0,0,0,0,0,0,0,0,0,0,0,0,0,0,0
0.520489703743087,"HR","nonHR","DA63244",1,1,0,0,0,0,0,0,0,0,0,0,0,0,0,0,0,0,0,0,0
0.0371652572041686,"nonHR","nonHR","DA63246",2,0,0,0,0,0,0,0,0,0,0,0,0,0,0,0,0,0,0,0,0
0.979209486323675,"HR","nonHR","DA63248",1,2,1,1,1,0,0,0,0,0,0,0,0,0,0,0,0,0,0,0,0
0.0904910699979481,"nonHR","nonHR","DA63250",2,0,0,0,0,0,0,0,0,0,0,0,0,0,0,0,0,0,0,0,0
0.972504257081641,"HR","HR","DA63252",3,2,3,2,2,1,0,1,2,0,0,0,0,0,0,0,0,0,0,0,0
0.833667328709494,"HR","HR","DA63254",2,1,2,1,1,1,0,0,0,0,1,0,0,0,0,0,0,0,0,0,0
0.145944505246879,"nonHR","nonHR","DA63256",2,0,0,0,0,0,0,0,0,0,0,0,0,0,0,0,0,0,0,0,0
0.196103751840121,"HR","nonHR","DA63258",2,0,0,0,0,0,0,0,0,0,0,0,0,0,0,0,0,0,0,0,0
0.0878682820818494,"nonHR","nonHR","DA63260",1,0,0,0,0,0,0,0,0,0,0,0,0,0,0,0,0,0,0,0,0
0.754215750066615,"HR","nonHR","DA63262",1,1,0,0,0,0,0,0,0,0,0,0,0,0,0,0,0,0,0,0,0
0.826146329750058,"HR","HR","DA63264",2,1,1,1,1,1,0,0,0,0,0,0,0,0,0,0,0,0,0,0,0
0.741713635586162,"HR","HR","DA63266",2,1,0,0,0,0,0,0,0,0,0,0,0,0,0,0,0,0,0,0,0
0.0896881882204275,"nonHR","nonHR","DA63268",2,0,0,0,0,0,0,0,0,0,0,0,0,0,0,0,0,0,0,0,0
0.127137289445015,"nonHR","nonHR","DA63270",2,0,0,0,0,0,0,0,0,0,0,0,0,0,0,0,0,0,0,0,0
0.0916372987372344,"nonHR","nonHR","DA63272",2,0,0,0,0,0,0,0,0,0,0,0,0,0,0,0,0,0,0,0,0
0.00364432402105197,"nonHR","nonHR","DA63274",3,1,1,1,1,0,0,0,0,0,0,0,0,0,0,0,0,0,0,0,0
0.155113872813819,"nonHR","nonHR","DA63276",2,0,0,0,0,0,0,0,0,0,0,0,0,0,0,0,0,0,0,0,0
0.0346648660089776,"nonHR","nonHR","DA63278",2,0,0,0,0,0,0,0,0,0,0,0,0,0,0,0,0,0,0,0,0
0.0214222263123385,"nonHR","nonHR","DA63282",2,0,0,0,0,0,0,0,0,0,0,0,0,0,0,0,0,0,0,0,0
0.614562030528571,"HR","nonHR","DA63284",2,1,0,0,0,0,0,0,0,0,0,0,0,0,0,0,0,0,0,0,0
0.0351115834305487,"nonHR","nonHR","DA63286",1,0,2,1,1,1,0,1,1,0,0,0,0,0,0,0,0,0,0,0,0
0.0921888836493689,"nonHR","nonHR","DA63288",2,0,0,0,0,0,0,0,0,0,0,0,0,0,0,0,0,0,0,0,0
0.134757316678275,"nonHR","nonHR","DA63290",3,0,0,0,0,0,0,0,0,0,0,0,0,0,0,0,0,0,0,0,0
0.384877929624373,"HR","nonHR","DA63292",1,1,0,0,0,0,0,0,0,0,0,1,0,0,0,0,0,0,0,0,0
0.189251376993928,"HR","nonHR","DA63294",2,0,0,0,0,0,0,0,0,0,0,0,0,0,0,0,0,0,0,0,0
0.00396898293969017,"nonHR","nonHR","DA63296",2,0,0,0,0,0,0,0,0,0,0,0,0,0,0,0,0,0,0,0,0
0.736327176503266,"HR","nonHR","DA63298",1,1,0,0,0,0,0,0,0,0,0,1,0,0,0,0,0,0,0,0,0
0.0583366160251845,"nonHR","nonHR","DA63300",3,0,0,0,0,0,0,0,0,0,0,0,0,0,0,0,0,0,0,0,0
0.340092381488722,"HR","nonHR","DA63302",2,1,1,2,1,1,0,0,0,0,0,0,0,0,0,0,0,0,0,1,0
0.0433959948620136,"nonHR","nonHR","DA63304",3,0,0,0,0,0,0,0,0,0,0,0,0,0,0,0,0,0,0,0,0
0.586109258535755,"HR","nonHR","DA63306",2,1,2,1,1,1,0,1,1,0,0,1,0,0,0,0,0,0,0,0,0
0.15105408284554,"nonHR","nonHR","DA63310",NA,NA,NA,NA,NA,NA,NA,NA,NA,NA,NA,NA,NA,NA,NA,NA,NA,NA,NA,NA,NA
0.0567838524927159,"nonHR","nonHR","DA63312",2,0,0,0,0,0,0,0,0,0,0,0,0,0,0,0,0,0,0,0,0
0.045689153859955,"nonHR","nonHR","DA63314",2,0,0,0,0,0,0,0,0,0,0,0,0,0,0,0,0,0,0,0,0
0.0584168211733415,"nonHR","nonHR","DA63316",2,0,0,0,0,0,0,0,0,0,0,0,0,0,0,0,0,0,0,0,0
0.143167603408207,"nonHR","nonHR","DA63318",1,0,0,0,0,0,0,0,0,0,0,0,0,0,0,0,0,0,0,0,0
0.99136123652723,"HR","nonHR","DA63320",1,1,1,1,1,1,0,0,0,2,0,1,1,1,0,0,0,0,0,0,0
0.690123472401855,"HR","HR","DA63322",2,0,1,0,0,0,0,0,0,0,0,0,0,0,0,0,1,0,0,0,0
0.147639947255033,"nonHR","nonHR","DA63324",2,0,0,0,0,0,0,0,0,0,0,0,0,0,0,0,0,0,0,0,0
0.0186194061940965,"nonHR","nonHR","DA63326",3,0,0,0,0,0,0,0,0,0,0,0,0,0,0,0,0,0,0,0,0
0.0213414460707656,"nonHR","nonHR","DA63328",3,0,0,0,0,0,0,0,0,0,0,0,0,0,0,0,0,0,0,0,0
0.736882793089236,"HR","HR","DA63330",2,1,0,0,0,0,0,0,0,0,0,0,0,0,0,0,0,0,0,0,0
0.0247899486335115,"nonHR","nonHR","DA63332",3,1,1,1,0,0,0,0,0,1,1,0,0,0,0,0,0,0,0,0,0
0.282449562061507,"HR","HR","DA63334",3,1,2,1,1,1,0,1,1,0,0,0,0,0,0,0,0,0,0,0,0
0.76158009783337,"HR","nonHR","DA63336",2,1,1,2,1,1,0,0,0,1,0,1,0,0,0,0,0,0,0,0,0
0.0688540342164531,"nonHR","nonHR","DA63338",2,0,0,0,0,0,0,0,0,0,0,0,0,0,0,0,0,0,0,0,0
0.221568340197602,"HR","nonHR","DA63340",3,1,2,1,0,0,0,1,0,0,0,0,0,0,0,0,0,1,0,0,0
0.995042499037096,"HR","HR","DA63342",1,0,1,0,0,0,0,0,1,1,0,1,1,1,1,0,0,0,0,0,0
0.0572096074449869,"nonHR","nonHR","DA63344",2,0,0,0,0,0,0,0,0,0,0,0,0,0,0,0,0,0,0,0,0
0.923306304641915,"HR","HR","DA63346",2,1,2,1,1,1,0,0,0,0,1,0,0,0,0,0,0,0,0,0,0
0.15061787701582,"nonHR","nonHR","DA63348",2,0,0,0,0,0,0,0,0,0,0,0,0,0,0,0,0,0,0,0,0
0.654611795360339,"HR","HR","DA63350",1,1,2,1,1,1,0,1,1,0,0,0,0,0,0,0,0,0,0,0,0
0.834211173362455,"HR","nonHR","DA63352",2,1,1,1,1,1,0,0,0,0,0,1,0,0,0,0,0,0,0,0,0
0.178564839999064,"HR","nonHR","DA63354",3,1,2,1,0,0,0,1,0,0,0,0,0,0,0,0,0,1,0,0,0
0.0865032292773456,"nonHR","nonHR","DA63356",1,0,0,0,0,0,0,0,0,0,0,0,0,0,0,0,0,0,0,0,0
0.129123862800331,"nonHR","nonHR","DA63358",2,0,1,0,0,0,0,0,0,0,0,0,0,0,0,0,0,0,0,0,0
0.822275734033251,"HR","HR","DA63360",2,1,1,1,1,1,0,0,0,0,0,0,0,0,0,0,0,0,0,0,0
0.749411838500573,"HR","HR","DA63362",2,0,1,0,0,0,0,0,0,0,0,0,0,0,0,0,1,0,0,0,0
0.0110279101098051,"nonHR","nonHR","DA63364",3,0,0,0,0,0,0,0,0,0,0,0,0,0,0,0,0,0,0,0,0
0.773919578809716,"HR","HR","DA63366",3,0,0,0,0,0,0,0,0,0,0,1,1,1,0,0,0,0,0,0,0
0.611377309882252,"HR","nonHR","DA63368",2,1,0,0,0,0,0,0,0,0,0,0,0,0,0,0,0,0,0,0,0
0.135214351532993,"nonHR","nonHR","DA63370",2,0,0,0,0,0,0,0,0,0,0,0,0,0,0,0,0,0,0,0,0
0.0900712949877293,"nonHR","nonHR","DA63372",2,0,0,0,0,0,0,0,0,0,0,0,0,0,0,0,0,0,0,0,0
0.938807897002804,"HR","nonHR","DA63374",3,1,1,1,1,1,0,0,0,0,1,0,0,0,0,0,0,0,0,0,0
0.0601055102537668,"nonHR","nonHR","DA63376",2,0,0,0,0,0,0,0,0,0,0,0,0,0,0,0,0,0,0,0,0
0.0231160726127823,"nonHR","nonHR","DA63378",3,0,0,0,0,0,0,0,0,0,0,0,0,0,0,0,0,0,0,0,0
0.124268568162366,"nonHR","nonHR","DA63380",2,0,0,0,0,0,0,0,0,0,0,0,0,0,0,0,0,0,0,0,0
0.807886102604524,"HR","HR","DA63382",2,1,2,1,1,1,0,0,0,0,0,0,0,0,0,0,0,0,0,0,0
0.0181725379260266,"nonHR","nonHR","DA63384",2,0,0,0,0,0,0,0,0,0,0,0,0,0,0,0,0,0,0,0,0
0.0548785525032807,"nonHR","nonHR","DA63568",2,0,0,0,0,0,0,0,0,0,0,0,0,0,0,0,0,0,0,0,0
0.608188195044451,"HR","nonHR","DA63570",3,1,1,1,1,1,0,0,0,0,0,0,0,0,0,0,0,0,0,0,0
0.121324022862413,"nonHR","nonHR","DA63572",3,0,0,0,0,0,0,0,0,0,0,0,0,0,0,0,0,0,0,0,0
0.386824466020651,"HR","nonHR","DA63574",2,1,1,1,1,1,0,1,1,0,0,0,0,0,0,0,0,0,0,0,0
0.265007217861113,"HR","nonHR","DA63576",2,1,1,1,1,1,0,1,1,0,0,0,0,0,0,0,0,0,0,0,0
0.442525665090811,"HR","nonHR","DA63578",2,1,0,0,0,0,0,0,0,0,0,0,0,0,0,0,0,0,0,0,0
0.16861501512251,"HR","nonHR","DA63580",3,0,0,0,0,0,0,0,0,0,0,0,0,0,0,0,0,0,0,0,0
0.119265991970365,"nonHR","nonHR","DA63582",2,0,0,0,0,0,0,0,0,0,0,0,0,0,0,0,0,0,0,0,0
0.0124556896276565,"nonHR","nonHR","DA63584",3,0,1,0,0,1,0,1,0,0,0,0,0,0,0,0,0,0,0,0,0
0.0542817520181323,"nonHR","nonHR","DA63586",3,0,0,0,0,0,0,0,0,0,0,0,0,0,0,0,0,0,0,0,0
0.535199676785911,"HR","nonHR","DA63588",3,1,0,0,0,0,0,0,0,0,0,0,0,0,0,0,0,0,0,0,0
0.227566120866052,"HR","nonHR","DA63590",3,1,1,1,1,0,0,0,0,0,0,0,0,0,0,0,0,0,0,0,0
0.0409409124207275,"nonHR","nonHR","DA63592",2,0,0,0,0,0,0,0,0,0,0,0,0,0,0,0,0,0,0,0,0
0.618077603077845,"HR","HR","DA63594",1,1,2,1,1,1,0,1,1,0,0,0,0,0,0,0,0,0,0,0,0
0.801646389528428,"HR","nonHR","DA63596",3,2,2,2,2,1,0,0,1,0,0,0,0,0,0,0,0,0,0,0,0
0.108057439956511,"nonHR","nonHR","DA63598",2,0,0,0,0,0,0,0,0,0,0,0,0,0,0,0,0,0,0,0,0
0.075744033136663,"nonHR","nonHR","DA63600",2,0,0,0,0,0,0,0,0,0,0,0,0,0,0,0,0,0,0,0,0
0.0312414430925058,"nonHR","nonHR","DA63602",2,0,0,0,0,0,0,0,0,0,0,0,0,0,0,0,0,0,0,0,0
0.0185180195433245,"nonHR","nonHR","DA63606",2,0,0,0,0,0,0,0,0,0,0,0,0,0,0,0,0,0,0,0,0
0.978106663836426,"HR","HR","DA63608",3,1,1,0,0,1,0,1,0,0,0,0,1,1,0,0,0,0,0,0,0
0.0738043019242994,"nonHR","nonHR","DA63610",2,0,0,0,0,0,0,0,0,0,0,0,0,0,0,0,0,0,0,0,0
0.04029034480353,"nonHR","nonHR","DA63612",3,0,0,0,0,0,0,0,0,0,0,0,0,0,0,0,0,0,0,0,0
0.125742184487087,"nonHR","nonHR","DA63614",2,0,0,0,0,0,0,0,0,0,0,0,0,0,0,0,0,0,0,0,0
0.0477091618469925,"nonHR","nonHR","DA63616",3,0,0,0,0,0,0,0,0,0,0,0,0,0,0,0,0,0,0,0,0
0.027338723741151,"nonHR","nonHR","DA63618",3,0,0,0,0,0,0,0,0,0,0,0,0,0,0,0,0,0,0,0,0
0.149376508292734,"nonHR","nonHR","DA63620",2,0,1,0,0,0,0,0,0,0,0,0,0,0,0,0,0,0,0,0,0
0.13919771715896,"nonHR","nonHR","DA63622",2,0,0,0,0,0,0,0,0,0,0,0,0,0,0,0,0,0,0,0,0
0.450377836627541,"HR","nonHR","DA63624",2,1,0,0,0,0,0,0,0,0,0,0,0,0,0,0,0,0,0,0,0
0.144068846984728,"nonHR","nonHR","DA63626",3,0,0,0,0,0,0,0,0,0,0,0,0,0,0,0,0,0,0,0,0
0.0271132197417946,"nonHR","nonHR","DA63628",3,0,0,0,0,0,0,0,0,0,0,0,0,0,0,0,0,0,0,0,0
0.702491928619247,"HR","nonHR","DA63630",3,1,2,1,1,1,0,0,0,0,0,0,0,0,0,0,0,0,0,0,0
0.0471833722021457,"nonHR","nonHR","DA63632",2,0,0,0,0,0,0,0,0,0,0,0,0,0,0,0,0,0,0,0,0
0.618900022473897,"HR","nonHR","DA63634",3,1,0,0,0,0,0,0,0,0,0,0,0,0,0,0,0,0,0,0,0
0.139675252642976,"nonHR","nonHR","DA63636",2,0,0,0,0,0,0,0,0,0,0,0,0,0,0,0,0,0,0,0,0
0.0268582639689494,"nonHR","nonHR","DA63638",3,0,0,0,0,0,0,0,0,0,0,0,0,0,0,0,0,0,0,0,0
0.0571146061694798,"nonHR","nonHR","DA63640",3,0,0,0,0,0,0,0,0,0,0,0,0,0,0,0,0,0,0,0,0
0.0628643409567571,"nonHR","nonHR","DA63642",2,0,0,0,0,0,0,0,0,0,0,0,0,0,0,0,0,0,0,0,0
0.0723638608836608,"nonHR","nonHR","DA63644",3,0,0,0,0,0,0,0,0,0,0,0,0,0,0,0,0,0,0,0,0
0.0511538293236377,"nonHR","nonHR","DA63646",3,0,1,0,0,0,0,0,0,0,0,0,0,0,0,0,0,0,0,0,0
0.540267095101385,"HR","nonHR","DA63648",1,1,0,0,0,0,0,0,0,0,0,1,0,0,0,0,0,0,0,0,0
0.172304422570035,"HR","nonHR","DA63650",2,0,0,0,0,0,0,0,0,0,0,0,0,0,0,0,0,0,0,0,0
0.360767531914656,"HR","nonHR","DA63652",3,1,2,1,0,1,0,1,1,0,0,0,0,0,0,0,0,0,0,0,0
0.0225219269491566,"nonHR","nonHR","DA63654",1,1,0,0,0,0,0,0,0,0,0,1,0,0,0,0,0,0,0,0,0
0.376144084134867,"HR","HR","DA63656",2,1,2,1,1,1,0,0,0,0,0,0,0,0,0,0,0,0,0,0,0
0.0576744752721664,"nonHR","nonHR","DA63658",2,0,0,0,0,1,0,0,1,0,0,0,0,0,0,0,0,0,0,0,0
0.130868867993718,"nonHR","HR","DA63660",3,0,0,0,0,0,0,0,0,0,0,0,0,0,0,0,0,0,0,0,0
0.149877350645816,"nonHR","nonHR","DA63662",2,0,0,0,0,0,0,0,0,0,0,0,0,0,0,0,0,0,0,0,0
0.0946449168224757,"nonHR","nonHR","DA63664",2,0,0,0,0,0,0,0,0,0,0,0,0,0,0,0,0,0,0,0,0
0.242030822603098,"HR","nonHR","DA63666",3,1,2,1,1,1,0,1,1,0,0,0,0,0,0,0,0,0,0,0,0
0.0679583023685159,"nonHR","nonHR","DA63668",2,0,0,0,0,0,0,0,0,0,0,0,0,0,0,0,0,0,0,0,0
0.0822675511172356,"nonHR","nonHR","DA63670",2,0,0,0,0,0,0,0,0,0,0,0,0,0,0,0,0,0,0,0,0
0.85818432201388,"HR","HR","DA63672",2,1,1,1,1,1,0,0,1,0,0,0,0,0,0,0,0,0,0,0,0
0.354201972226874,"HR","nonHR","DA63674",3,1,1,0,0,1,0,1,1,0,1,1,0,0,0,0,0,0,0,0,0
0.0415252635786457,"nonHR","nonHR","DA63678",3,0,0,0,0,0,0,0,0,0,0,0,0,0,0,0,0,0,0,0,0
0.348950385150803,"HR","nonHR","DA63680",1,0,2,1,1,1,0,1,1,1,0,0,0,0,0,0,0,0,0,0,0
0.0654791092647535,"nonHR","nonHR","DA63682",2,0,0,0,0,0,0,0,0,0,0,0,0,0,0,0,0,0,0,0,0
0.109316005217435,"nonHR","nonHR","DA63684",2,0,0,0,0,0,0,0,0,0,0,0,0,0,0,0,0,0,0,0,0
0.0521333462914754,"nonHR","nonHR","DA63686",2,0,0,0,0,0,0,0,0,0,0,0,0,0,0,0,0,0,0,0,0
0.96058747017074,"HR","HR","DA63688",3,2,2,1,0,0,0,0,0,0,0,0,0,0,0,0,0,0,0,0,0
0.991432844551541,"HR","HR","DA63690",1,2,1,1,1,0,0,0,1,0,1,1,0,0,0,0,0,0,0,0,0
0.0488925003093716,"nonHR","nonHR","DA63692",2,0,0,0,0,0,0,0,0,0,0,0,0,0,0,0,0,0,0,0,0
0.833358605676253,"HR","HR","DA63694",1,1,0,1,1,0,0,0,0,0,0,0,0,0,0,0,0,0,0,0,0
0.125851326183182,"nonHR","nonHR","DA63696",2,0,0,0,0,0,0,0,0,0,0,0,0,0,0,0,0,0,0,0,0
0.337110993237488,"HR","nonHR","DA63698",3,1,1,0,1,1,0,0,0,0,0,0,0,0,0,0,0,0,0,0,0
0.47690062001853,"HR","nonHR","DA63700",3,1,1,1,1,0,0,1,0,0,1,1,0,0,0,0,0,0,0,0,0
0.133580791637452,"nonHR","nonHR","DA63702",2,0,0,0,0,0,0,0,0,0,0,0,0,0,0,0,0,0,0,0,0
0.108332561769486,"nonHR","nonHR","DA63704",3,0,0,0,0,0,0,0,0,0,0,0,0,0,0,0,0,0,0,0,0
0.592234927356539,"HR","HR","DA63706",1,0,2,1,1,1,0,1,1,1,0,0,1,1,0,0,0,0,0,0,0
0.989595570330958,"HR","nonHR","DA63708",3,2,3,2,2,2,0,0,0,0,0,0,0,0,0,0,0,0,0,0,0
0.145100868800225,"nonHR","nonHR","DA63710",2,0,0,0,0,0,0,0,0,0,0,0,0,0,0,0,0,0,0,0,0
0.227587105335791,"HR","nonHR","DA63714",1,0,0,0,0,0,0,0,0,0,0,0,0,0,0,0,0,0,0,0,0
0.121244375218461,"nonHR","nonHR","DA63716",2,0,0,0,0,0,0,0,0,0,0,0,0,0,0,0,0,0,0,0,0
0.129606586574632,"nonHR","nonHR","DA63718",3,0,0,0,0,0,0,0,0,0,0,0,0,0,0,0,0,0,0,0,0
0.131061257335721,"nonHR","nonHR","DA63720",2,0,0,0,0,0,0,0,0,0,0,0,0,0,0,0,0,0,0,0,0
0.143778559019887,"nonHR","nonHR","DA63722",3,0,0,0,0,0,0,0,0,0,0,0,0,0,0,0,0,0,0,0,0
0.310199582949747,"HR","nonHR","DA63724",2,1,2,1,1,1,0,1,1,0,0,0,0,0,0,0,0,0,0,0,0
0.240786686748189,"HR","nonHR","DA63726",1,0,0,0,0,0,0,0,0,1,0,1,0,0,0,0,0,0,0,0,0
0.0689116456658181,"nonHR","nonHR","DA63728",3,0,0,0,0,0,0,0,0,0,0,0,0,0,0,0,0,0,0,0,0
0.149764633775757,"nonHR","nonHR","DA63730",1,0,0,0,0,0,0,0,0,0,0,0,0,0,0,0,0,0,0,0,0
0.0529295029675717,"nonHR","nonHR","DA63732",2,0,1,0,0,1,1,0,0,0,0,0,0,0,0,0,0,0,0,0,0
0.0946713698143239,"nonHR","nonHR","DA63734",2,0,0,0,0,0,0,0,0,0,0,0,0,0,0,0,0,0,0,0,0
0.014591192622241,"nonHR","nonHR","DA63736",2,0,0,0,0,0,0,0,0,0,0,0,0,0,0,0,0,0,0,0,0
0.00619912446900561,"nonHR","nonHR","DA63738",2,0,0,0,0,0,0,0,0,0,0,0,0,0,0,0,0,0,0,0,0
0.00604765781105887,"nonHR","nonHR","DA63740",3,0,2,1,1,1,1,1,0,0,0,1,0,0,0,0,0,0,0,0,0
0.0661125400262916,"nonHR","nonHR","DA63742",1,0,0,0,0,0,0,0,0,0,0,0,0,0,0,0,0,0,0,0,0
0.0226889140282935,"nonHR","nonHR","DA63746",2,0,0,0,0,0,0,0,0,0,0,0,0,0,0,0,0,0,0,0,0
0.868772798240353,"HR","nonHR","DA63748",2,1,1,1,1,0,0,0,0,0,1,0,0,0,0,0,0,0,0,0,0
0.140136488370717,"nonHR","nonHR","DA63750",3,0,0,0,0,0,0,0,0,0,0,0,0,0,0,0,0,0,0,0,0
0.990107016579779,"HR","HR","DA63752",1,2,0,1,1,0,0,0,1,0,1,0,0,0,0,0,0,0,0,0,0
0.0200845402875226,"nonHR","nonHR","DA63756",2,0,0,0,0,0,0,0,0,0,0,0,0,0,0,0,0,0,0,0,0
0.135227816062511,"nonHR","nonHR","DA63758",2,0,0,0,0,0,0,0,0,0,0,0,0,0,0,0,0,0,0,0,0
0.277520854182873,"HR","nonHR","DA63760",3,0,0,0,0,0,0,0,0,1,0,1,1,1,0,0,0,0,0,0,0
0.134331113439166,"nonHR","nonHR","DA63762",3,0,2,1,1,1,0,0,1,0,0,0,0,0,0,0,0,0,0,0,0
0.038041143196913,"nonHR","nonHR","DA63764",2,0,0,0,0,0,0,0,0,0,0,0,0,0,0,0,0,0,0,0,0
0.0337919609932162,"nonHR","nonHR","DA63770",3,0,0,0,0,0,0,0,0,0,0,0,0,0,0,0,0,0,0,0,0
0.999233222797717,"HR","HR","DA63772",1,0,1,0,0,0,0,0,1,1,0,1,1,1,1,0,0,0,0,0,0
0.0774880905067755,"nonHR","nonHR","DA63774",2,0,0,0,0,0,0,0,0,1,0,0,0,0,0,0,0,0,0,0,0
0.903482766334945,"HR","HR","DA63776",3,2,2,0,1,1,0,0,1,0,0,0,0,0,0,0,0,0,0,0,0
0.0364254095459029,"nonHR","nonHR","DA63778",3,0,0,0,0,1,1,0,0,0,0,0,0,0,0,0,0,0,0,0,0
0.921840853251308,"HR","HR","DA63780",2,1,1,0,0,0,0,0,0,0,0,0,1,0,0,0,0,0,0,0,0
0.142273559854077,"nonHR","nonHR","DA63782",2,0,0,0,0,0,0,0,0,0,0,0,0,0,0,0,0,0,0,0,0
0.635177280913929,"HR","HR","DA63784",2,1,2,1,1,1,0,0,0,0,1,0,0,0,0,0,0,0,0,0,0
0.0779147895042231,"nonHR","nonHR","DA63786",3,0,0,0,0,0,0,0,0,0,0,0,0,0,0,0,0,0,0,0,0
0.777421893513663,"HR","nonHR","DA63788",3,1,2,2,1,1,0,1,1,0,0,1,0,0,0,0,0,0,0,0,0
0.963787584870752,"HR","HR","DA63790",1,2,0,0,0,0,0,0,0,0,0,0,0,0,0,0,0,0,0,0,0
0.05222840371618,"nonHR","nonHR","DA63792",2,0,0,0,0,0,0,0,0,0,0,0,0,0,0,0,0,0,0,0,0
0.0738760630846649,"nonHR","nonHR","DA63794",1,0,1,0,0,1,0,1,1,1,0,0,0,0,0,0,0,0,0,0,0
0.158878866112255,"nonHR","nonHR","DA63796",3,0,0,0,0,0,0,0,0,0,0,0,0,0,0,0,0,0,0,0,0
0.098650257318623,"nonHR","nonHR","DA63798",2,0,0,0,0,0,0,0,0,0,0,0,0,0,0,0,0,0,0,0,0
0.118663019851979,"nonHR","nonHR","DA63800",1,0,0,0,0,0,0,0,0,0,0,0,0,0,0,0,0,0,0,0,0
0.0391828595978091,"nonHR","nonHR","DA63802",3,0,0,0,0,0,0,0,0,0,0,0,0,0,0,0,0,0,0,0,0
0.0459353236457531,"nonHR","nonHR","DA63804",2,0,0,0,0,0,0,0,0,0,0,0,0,0,0,0,0,0,0,0,0
0.0402551430551533,"nonHR","nonHR","DA63806",3,0,0,0,0,1,1,0,0,0,0,0,0,0,0,0,0,0,0,0,0
0.074022499890093,"nonHR","nonHR","DA63808",3,0,0,0,0,0,0,0,0,0,0,0,0,0,0,0,0,0,0,0,0
0.0949159340615976,"nonHR","nonHR","DA63810",2,0,0,0,0,0,0,0,0,0,0,0,0,0,0,0,0,0,0,0,0
0.086741812322475,"nonHR","nonHR","DA63812",3,1,0,0,0,1,1,0,0,0,0,0,0,0,0,0,0,0,0,0,0
0.943053520030365,"HR","HR","DA63814",3,1,1,0,0,0,0,0,0,1,1,0,0,0,0,0,0,0,0,0,0
0.148038168110872,"nonHR","nonHR","DA63816",2,0,0,0,0,0,0,0,0,0,0,0,0,0,0,0,0,0,0,0,0
0.0678354894936377,"nonHR","nonHR","DA63818",3,0,0,0,0,0,0,0,0,0,0,0,0,0,0,0,0,0,0,0,0
0.0497101365126137,"nonHR","nonHR","DA63820",2,0,1,0,0,0,0,0,0,0,0,0,0,0,0,0,0,0,0,0,0
0.520678180625163,"HR","nonHR","DA63822",1,1,2,1,1,1,0,1,1,0,0,1,0,0,0,0,0,0,0,0,0
0.109016713169011,"nonHR","nonHR","DA63824",3,0,0,0,0,1,0,1,0,0,1,0,0,0,0,0,0,0,0,0,0
0.884691853117433,"HR","HR","DA63826",3,1,2,1,1,0,0,0,1,0,0,0,0,0,0,0,0,0,0,0,0
0.976770682425849,"HR","HR","DA63828",1,2,0,0,0,0,0,0,0,0,0,0,0,0,0,0,0,0,0,0,0
0.118894508631376,"nonHR","nonHR","DA63830",1,0,0,0,0,0,0,0,0,0,0,0,0,0,0,0,0,0,0,0,0
0.047010801512551,"nonHR","nonHR","DA63832",3,0,0,0,0,0,0,0,0,0,0,0,0,0,0,0,0,0,0,0,0
0.0145931609826943,"nonHR","nonHR","DA63834",3,1,1,1,1,1,0,0,1,0,0,0,0,0,0,0,0,0,0,0,0
0.0960072840553158,"nonHR","nonHR","DA63836",2,0,0,0,0,0,0,0,0,0,0,0,0,0,0,0,0,0,0,0,0
0.102191296378095,"nonHR","nonHR","DA63838",2,0,0,0,0,0,0,0,0,0,0,0,0,0,0,0,0,0,0,0,0
0.522748858732067,"HR","nonHR","DA63840",3,1,0,0,0,0,0,0,0,1,0,1,0,0,0,0,0,0,0,0,0
0.853765619269187,"HR","HR","DA63842",3,1,1,1,1,1,0,0,0,0,0,0,0,0,0,0,0,0,0,0,0
0.0301598051931093,"nonHR","nonHR","DA63844",2,0,0,0,0,0,0,0,0,0,0,0,0,0,0,0,0,0,0,0,0
0.103641082276913,"nonHR","nonHR","DA63846",2,0,0,0,0,0,0,0,0,0,0,0,0,0,0,0,0,0,0,0,0
0.505048306867885,"HR","nonHR","DA63848",2,1,0,0,0,0,0,0,0,0,0,0,0,0,0,0,0,0,0,0,0
0.069429080657467,"nonHR","nonHR","DA63852",3,1,0,0,0,0,0,0,0,0,0,0,0,0,0,0,0,0,0,0,0
0.0626305700340857,"nonHR","nonHR","DA63854",3,0,1,0,0,0,0,0,0,0,0,0,0,0,0,0,0,0,0,0,0
0.0175318063186324,"nonHR","nonHR","DA63856",2,0,1,0,0,0,0,0,0,0,0,0,0,0,0,0,0,0,0,0,0
0.0361803569962592,"nonHR","nonHR","DA63858",2,0,1,0,0,0,0,0,0,0,0,0,0,0,0,0,0,0,0,0,0
0.481041258922195,"HR","nonHR","DA63860",2,1,1,1,1,1,0,0,0,0,0,0,0,0,0,0,0,0,0,1,0
0.997939485634048,"HR","HR","DA63862",3,3,2,1,1,1,0,1,1,0,0,1,0,0,0,0,0,0,0,0,0
0.578259957387182,"HR","nonHR","DA63864",2,1,1,0,0,0,0,0,0,0,0,0,0,0,0,0,0,0,0,0,0
0.0090753988127994,"nonHR","nonHR","DA63866",2,0,0,0,0,0,0,0,0,0,0,0,0,0,0,0,0,0,0,0,0
0.100604126236751,"nonHR","nonHR","DA63868",2,0,0,0,0,0,0,0,0,0,0,0,0,0,0,0,0,0,0,0,0
0.988717930438134,"HR","HR","DA63870",3,2,3,2,2,1,0,0,0,0,0,0,0,0,0,0,0,0,0,0,0
0.298924116295455,"HR","nonHR","DA63872",3,1,1,2,1,1,0,0,0,0,0,0,0,0,0,0,0,0,0,0,0
0.0832049233282304,"nonHR","nonHR","DA63874",3,0,0,0,0,0,0,0,0,0,0,0,0,0,0,0,0,0,0,0,0
0.109766500968598,"nonHR","nonHR","DA63876",2,0,0,0,0,0,0,0,0,0,0,0,0,0,0,0,0,0,0,0,0
0.0796803758267658,"nonHR","nonHR","DA63878",2,0,0,0,0,0,0,0,0,0,0,0,0,0,0,0,0,0,0,0,0
0.130836142828414,"nonHR","nonHR","DA63880",1,0,0,1,0,1,0,0,1,0,0,0,0,0,0,0,0,0,0,0,0
0.658049339966771,"HR","nonHR","DA63882",2,1,0,0,0,1,0,0,0,0,0,0,0,0,0,0,0,0,0,0,0
0.999855063951175,"HR","HR","DA63884",1,0,1,0,0,1,0,1,1,1,0,0,1,1,0,0,0,0,0,0,0
0.0238123617854478,"nonHR","nonHR","DA63886",3,0,0,0,0,0,0,0,0,0,0,0,0,0,0,0,0,0,0,0,0
0.85453732419756,"HR","HR","DA63888",3,1,1,2,1,0,0,0,1,0,1,1,0,0,0,0,0,0,0,0,0
0.941207313523318,"HR","HR","DA63890",3,1,1,1,1,1,0,1,1,2,0,1,0,0,0,0,0,0,0,0,0
0.849368942456118,"HR","nonHR","DA63892",3,1,1,1,1,1,0,0,0,0,0,0,0,0,0,0,0,0,0,1,0
0.14591620785845,"nonHR","nonHR","DA63894",2,0,0,0,0,0,0,0,0,0,0,0,0,0,0,0,0,0,0,0,0
0.736407597764003,"HR","HR","DA63896",3,1,2,2,1,1,0,1,1,1,1,0,0,0,0,1,0,0,0,0,0
0.0995019974999454,"nonHR","nonHR","DA63898",2,0,0,0,0,0,0,0,0,0,0,0,0,0,0,0,0,0,0,0,0
0.586981777524079,"HR","nonHR","DA63900",3,1,2,1,1,1,0,0,1,0,1,0,0,0,0,0,0,0,0,0,0
0.0513618606837865,"nonHR","nonHR","DA63902",2,0,1,0,0,1,1,0,0,0,0,0,0,0,0,0,0,0,0,0,0
0.0365820770608303,"nonHR","nonHR","DA63904",2,0,0,0,0,0,0,0,0,0,0,0,0,0,0,0,0,0,0,0,0
0.172961186036045,"HR","nonHR","DA63906",3,0,0,0,0,0,0,0,0,0,0,0,0,0,0,0,0,0,0,0,0
0.0478942190507473,"nonHR","nonHR","DA63908",3,0,0,0,0,1,1,0,0,0,0,0,0,0,0,0,0,0,0,0,0
0.398303487082709,"HR","nonHR","DA63910",1,1,2,1,1,1,0,1,1,0,0,0,0,0,0,0,0,0,0,0,0
0.144141179887356,"nonHR","nonHR","DA63912",2,0,0,0,0,0,0,0,0,0,0,0,0,0,0,0,0,0,0,0,0
0.951474182735947,"HR","HR","DA63914",3,1,1,2,1,0,0,0,1,1,1,1,0,0,0,0,0,0,0,0,0
0.0247176690284741,"nonHR","nonHR","DA63916",3,0,0,0,0,0,0,0,0,0,0,0,0,0,0,0,0,0,0,0,0
0.121063242794995,"nonHR","nonHR","DA63918",2,0,0,0,0,0,0,0,0,0,0,0,0,0,0,0,0,0,0,0,0
0.046170290235675,"nonHR","nonHR","DA63920",2,0,0,0,0,0,0,0,0,0,0,0,0,0,0,0,0,0,0,0,0
0.89260740394433,"HR","HR","DA63922",3,1,1,2,1,1,0,0,0,0,0,0,0,0,0,0,0,0,0,0,0
0.297163399088075,"HR","nonHR","DA63924",3,1,2,1,1,1,0,0,1,0,0,0,0,0,0,0,0,0,0,0,0
0.747351546310951,"HR","nonHR","DA63926",1,1,0,0,0,0,0,0,0,0,0,0,0,0,0,0,0,0,0,0,0
0.37125535809244,"HR","nonHR","DA63928",2,0,0,0,0,1,1,0,0,0,1,0,0,0,0,0,0,0,0,0,0
0.0341615771939212,"nonHR","nonHR","DA63930",2,0,0,0,0,0,0,0,0,0,0,0,0,0,0,0,0,0,0,0,0
0.77236443697729,"HR","HR","DA63932",1,1,0,0,0,0,0,0,0,0,0,1,0,0,0,0,0,0,0,0,0
0.782241890558173,"HR","HR","DA63934",1,1,0,0,0,0,0,0,0,0,0,0,0,0,0,0,0,0,0,0,0
0.0192098746973609,"nonHR","nonHR","DA63936",2,0,0,0,0,0,0,0,0,0,0,0,0,0,0,0,0,0,0,0,0
0.0542868271257511,"nonHR","nonHR","DA63938",2,0,0,0,0,0,0,0,0,0,0,0,0,0,0,0,0,0,0,0,0
0.992691169496919,"HR","HR","DA63940",1,1,4,1,1,2,0,1,1,1,0,1,1,1,0,0,0,0,0,0,0
0.13161357493725,"nonHR","nonHR","DA63942",2,0,0,0,0,0,0,0,0,0,0,0,0,0,0,0,0,0,0,0,0
0.192480266814218,"HR","nonHR","DA63946",3,1,1,0,0,1,0,0,0,0,0,0,0,0,0,0,0,0,0,0,0
0.571856431903874,"HR","nonHR","DA63948",2,1,1,0,0,1,0,0,0,0,0,0,0,0,0,0,0,0,0,0,0
0.987650230208498,"HR","nonHR","DA63950",3,2,3,4,3,1,1,0,0,1,0,0,0,0,0,0,0,0,0,0,0
0.0162214944904566,"nonHR","nonHR","DA63952",2,0,0,0,0,0,0,0,0,0,0,0,0,0,0,0,0,0,0,0,0
0.0185535633753001,"nonHR","nonHR","DA63954",3,0,0,0,0,1,1,0,0,0,0,0,0,0,0,0,0,0,0,0,0
0.167086109750882,"HR","nonHR","DA63956",2,0,0,0,0,0,0,0,0,0,0,0,0,0,0,0,0,0,0,0,0
0.977529741460525,"HR","HR","DA63958",3,1,1,1,1,0,0,0,1,1,1,1,0,0,0,0,0,0,0,0,0
0.14664952663218,"nonHR","nonHR","DA63960",1,0,1,2,1,0,0,0,0,0,0,0,0,0,0,0,0,0,0,0,0
0.0625373089347377,"nonHR","nonHR","DA63962",3,0,0,0,0,0,0,0,0,0,0,0,0,0,0,0,0,0,0,0,0
0.996394669573527,"HR","HR","DA63964",3,1,1,2,1,0,0,0,1,1,1,1,0,0,0,0,0,0,0,0,0
0.138409992672347,"nonHR","nonHR","DA63966",1,0,0,0,0,0,0,0,0,0,0,0,0,0,0,0,0,0,0,0,0
0.0210999053464207,"nonHR","nonHR","DA63968",3,0,0,0,0,0,0,0,0,0,0,0,0,0,0,0,0,0,0,0,0
0.0597135818464496,"nonHR","nonHR","DA63970",3,0,0,0,0,0,0,0,0,0,0,0,0,0,0,0,0,0,0,0,0
0.0728193125665475,"nonHR","nonHR","DA63972",3,0,0,0,0,0,0,0,0,0,0,0,0,0,0,0,0,0,0,0,0
0.0273435319818703,"nonHR","nonHR","DA63974",3,0,0,0,0,0,0,0,0,0,0,0,0,0,0,0,0,0,0,0,0
0.0113036232971603,"nonHR","nonHR","DA63976",2,0,0,0,0,0,0,0,0,0,0,0,0,0,0,0,0,0,0,0,0
0.44827886081484,"HR","nonHR","DA63978",1,0,0,0,0,0,0,0,0,0,0,0,0,0,0,0,0,0,0,0,0
0.028388114959313,"nonHR","nonHR","DA63980",2,0,0,0,0,0,0,0,0,0,0,0,0,0,0,0,0,0,0,0,0
0.0316586248636335,"nonHR","nonHR","DA63982",2,0,0,0,0,0,0,0,0,0,0,0,0,0,0,0,0,0,0,0,0
0.0345610040137878,"nonHR","nonHR","DA63984",3,0,0,0,0,1,1,0,0,0,0,0,0,0,0,0,0,0,0,0,0
0.0822417055171735,"nonHR","nonHR","DA63986",2,0,0,0,0,0,0,0,0,0,0,0,0,0,0,0,0,0,0,0,0
0.119736548501077,"nonHR","nonHR","DA63990",3,0,0,0,0,0,0,0,0,0,0,0,0,0,0,0,0,0,0,0,0
0.120011014801361,"nonHR","nonHR","DA63992",3,0,0,0,0,0,0,0,0,0,0,0,0,0,0,0,0,0,0,0,0
0.00798451471413009,"nonHR","nonHR","DA63996",3,0,1,0,0,0,0,1,0,0,0,0,0,0,0,0,0,0,0,0,0
0.0146604283175352,"nonHR","nonHR","DA63998",2,0,0,0,0,0,0,0,0,0,0,0,0,0,0,0,0,0,0,0,0
0.232707018076516,"HR","nonHR","DA64000",2,1,0,0,0,0,0,0,0,0,0,0,0,0,0,0,0,0,0,0,0
0.905088044928174,"HR","HR","DA64002",3,0,1,0,0,1,0,1,1,0,2,0,1,1,0,0,0,0,0,0,0
0.16107984549356,"HR","HR","DA64004",1,0,0,0,0,0,0,0,0,0,0,0,0,0,0,0,0,0,0,0,0
0.919376570514789,"HR","HR","DA64006",3,0,1,0,0,1,0,1,1,0,2,0,1,1,0,0,0,0,0,0,0
0.0356939907481201,"nonHR","nonHR","DA64008",2,0,0,0,0,0,0,0,0,0,0,0,0,0,0,0,0,0,0,0,0
0.0214542575381215,"nonHR","nonHR","DA64010",3,0,2,1,1,0,0,1,0,0,0,0,0,0,0,0,0,0,0,0,0
0.0258597709364069,"nonHR","nonHR","DA64012",3,0,0,0,0,1,1,0,0,0,0,0,0,0,0,0,0,0,0,0,0
0.0565872682181404,"nonHR","nonHR","DA64014",3,0,0,0,0,0,0,0,0,0,0,0,0,0,0,0,0,0,0,0,0
0.109634895200473,"nonHR","nonHR","DA64016",3,0,0,0,0,0,0,0,0,0,0,0,0,0,0,0,0,0,0,0,0
0.0154187803380843,"nonHR","nonHR","DA64018",2,0,0,0,0,0,0,0,0,0,0,0,0,0,0,0,0,0,0,0,0
0.106717164508028,"nonHR","nonHR","DA64020",3,0,1,1,1,0,0,0,0,0,0,0,0,0,0,0,0,0,0,0,0
0.145331520242723,"nonHR","nonHR","DA64022",2,0,0,0,0,0,0,0,0,0,0,0,0,0,0,0,0,0,0,0,0
0.978689280285295,"HR","HR","DA64024",3,1,1,3,2,1,0,0,1,2,0,0,0,0,0,0,0,0,0,0,0
0.943001404630112,"HR","HR","DA64026",1,0,1,0,0,1,0,1,1,2,0,1,1,1,0,0,0,0,0,0,0
0.0869677412555339,"nonHR","nonHR","DA64028",2,0,0,0,0,0,0,0,0,0,0,0,0,0,0,0,0,0,0,0,0
0.320631868234175,"HR","nonHR","DA64030",2,1,0,0,0,0,0,0,0,0,0,0,0,0,0,0,0,0,0,0,0
0.0565115039692567,"nonHR","nonHR","DA64032",1,0,0,0,0,0,0,0,0,0,0,0,0,0,0,0,0,0,0,0,0
0.212136440235457,"HR","nonHR","DA64034",3,1,0,0,0,0,0,0,0,0,0,0,0,0,0,0,0,0,0,0,0
0.0676060773973407,"nonHR","nonHR","DA64036",3,0,0,0,0,0,0,0,0,0,0,0,0,0,0,0,0,0,0,0,0
0.0768943612665385,"nonHR","nonHR","DA64038",3,0,0,0,0,0,0,0,0,0,0,0,0,0,0,0,0,0,0,0,0
0.0208043197594854,"nonHR","nonHR","DA64040",3,0,0,0,0,0,0,0,0,0,0,0,0,0,0,0,0,0,0,0,0
0.159679535887194,"nonHR","nonHR","DA64042",2,0,0,0,0,1,1,0,0,0,0,0,0,0,0,0,0,0,0,0,0
0.0429753521282457,"nonHR","nonHR","DA64044",3,0,0,0,0,0,0,0,0,0,0,0,0,0,0,0,0,0,0,0,0
0.851098051450306,"HR","nonHR","DA64046",2,1,1,1,1,1,0,0,0,0,0,0,0,0,0,0,0,0,0,0,0
0.101086519511644,"nonHR","nonHR","DA64048",2,0,0,0,0,0,0,0,0,0,0,0,0,0,0,0,0,0,0,0,0
0.158890547507084,"nonHR","nonHR","DA64050",3,0,0,0,0,0,0,0,0,0,0,0,0,0,0,0,0,0,0,0,0
0.0942725485101027,"nonHR","nonHR","DA64052",2,0,0,0,0,0,0,0,0,0,0,0,0,0,0,0,0,0,0,0,0
0.00899542632357386,"nonHR","nonHR","DA64054",2,0,0,0,0,0,0,0,0,0,0,0,0,0,0,0,0,0,0,0,0
0.0308479549108103,"nonHR","nonHR","DA64056",2,0,0,0,0,0,0,0,0,0,0,0,0,0,0,0,0,0,0,0,0
0.624130445094835,"HR","nonHR","DA64058",1,1,2,1,1,1,0,1,1,0,0,0,0,0,0,0,0,0,0,0,0
0.0781860223717915,"nonHR","nonHR","DA64060",2,0,0,0,0,0,0,0,0,0,0,0,0,0,0,0,0,0,0,0,0
0.0392273491813563,"nonHR","nonHR","DA64062",3,0,0,0,0,0,0,0,0,0,0,0,0,0,0,0,0,0,0,0,0
0.159601057279018,"nonHR","nonHR","DA64066",2,0,0,0,0,0,0,0,0,0,0,0,0,0,0,0,0,0,0,0,0
