"strain","ampC","DFR","APH6","APH3.1","SUL","TEM","SAT","ANT3","MPH","APH3.2","CTX.M","CAT","AAC3","OXA","AAC6","ANT2","FTT","SHV","TR.RPP","APH4","QNR"
"DA62886",2,1,1,0,1,1,0,0,0,0,0,0,0,0,0,0,0,0,0,0,0
"DA62888",2,0,0,0,0,0,0,0,0,0,0,0,0,0,0,0,0,0,0,0,0
"DA62890",2,0,0,0,0,0,0,0,0,0,0,0,0,0,0,0,0,0,0,0,0
"DA62892",3,1,1,1,1,1,0,0,0,0,0,0,0,0,0,0,0,0,0,0,0
"DA62894",3,0,0,0,0,0,0,0,0,0,0,0,0,0,0,0,0,0,0,0,0
"DA62896",3,0,0,0,0,0,0,0,0,0,0,0,0,0,0,0,0,0,0,0,0
"DA62898",2,0,0,0,0,0,0,0,0,0,0,0,0,0,0,0,0,0,0,0,0
"DA62900",2,1,0,0,0,0,1,0,0,0,0,0,0,0,0,0,0,0,0,0,0
"DA62902",3,0,1,1,1,1,0,0,0,0,0,0,0,0,0,0,0,0,0,0,0
"DA62904",1,0,0,0,0,0,0,0,0,0,0,0,0,0,0,0,0,0,0,0,0
"DA62906",1,1,0,0,1,1,0,1,0,0,0,0,0,0,0,0,0,0,0,0,0
"DA62908",2,0,0,0,0,0,0,0,0,0,0,0,0,0,0,0,0,0,0,0,0
"DA62910",3,1,1,1,2,1,0,1,1,0,0,0,0,0,0,0,0,0,0,0,0
"DA62912",1,0,0,0,0,0,0,0,0,0,0,0,0,0,0,0,0,0,0,0,0
"DA62914",2,0,0,0,0,0,0,0,0,0,0,0,0,0,0,0,0,0,0,0,0
"DA62916",3,1,1,1,1,1,0,0,0,1,0,0,0,0,0,0,0,0,0,0,0
"DA62918",2,0,0,0,1,1,0,0,0,0,0,0,0,0,0,0,0,0,0,0,0
"DA62920",3,1,1,1,1,1,0,0,0,0,0,0,0,0,0,0,0,0,0,0,0
"DA62922",1,1,0,0,1,1,0,1,0,0,0,0,0,0,0,0,0,0,0,0,0
"DA62924",2,0,0,0,0,0,0,0,0,0,0,0,0,0,0,0,0,0,0,0,0
"DA62926",3,0,0,0,0,0,0,0,0,0,1,0,0,0,0,0,0,0,0,0,0
"DA62928",2,0,0,0,0,1,0,0,0,0,0,0,0,0,0,0,0,0,0,0,0
"DA62932",3,0,0,0,0,0,0,0,0,0,0,0,0,0,0,0,0,0,0,0,0
"DA62934",3,1,0,0,0,1,1,0,0,0,0,0,0,0,0,0,0,0,0,0,0
"DA62936",3,0,0,0,0,0,0,0,0,0,0,0,0,0,0,0,0,0,0,0,0
"DA62938",3,0,0,0,0,0,0,0,0,0,0,0,0,0,0,0,0,0,0,0,0
"DA62940",2,0,0,0,0,0,0,0,0,0,0,0,0,0,0,0,0,0,0,0,0
"DA62942",2,0,0,0,0,0,0,0,0,0,0,0,0,0,0,0,0,0,0,0,0
"DA62944",2,0,0,0,0,0,0,0,0,0,0,0,0,0,0,0,0,0,0,0,0
"DA62946",3,1,2,2,2,2,0,1,0,1,0,1,0,0,0,0,0,0,0,0,0
"DA62948",2,0,0,0,0,1,0,0,0,0,0,0,0,0,0,0,0,0,0,0,0
"DA62950",1,0,0,0,0,0,0,0,0,0,0,0,0,0,0,0,0,0,0,0,0
"DA62952",3,0,0,0,0,0,0,0,0,0,0,0,0,0,0,0,0,0,0,0,0
"DA62954",1,1,0,0,1,1,0,1,1,0,2,1,1,0,0,0,0,0,0,0,0
"DA62956",1,1,0,0,1,1,0,1,0,0,0,0,0,0,0,0,0,0,0,0,0
"DA62958",3,0,0,0,0,1,0,0,0,0,0,0,0,0,0,0,0,0,0,0,0
"DA62960",3,0,0,0,0,0,0,0,0,0,0,0,0,0,0,0,0,0,0,0,0
"DA62962",2,0,0,0,0,0,0,0,0,0,0,0,0,0,0,0,0,0,0,0,0
"DA62964",1,0,0,0,0,0,0,0,0,0,0,0,0,0,0,0,0,0,0,0,0
"DA62966",2,0,0,0,0,0,0,0,0,0,0,0,0,0,0,0,0,0,0,0,0
"DA62968",2,0,0,0,0,0,0,0,0,0,0,0,0,0,0,0,0,0,0,0,0
"DA62970",1,1,1,1,2,2,0,1,1,0,0,0,1,0,0,0,0,0,0,0,0
"DA62972",3,0,0,0,0,0,0,0,0,0,0,0,0,0,0,0,0,0,0,0,0
"DA62974",2,0,0,0,0,0,0,0,0,0,0,0,0,0,0,0,0,0,0,0,0
"DA62976",3,0,0,0,0,0,0,0,0,0,0,0,0,0,0,0,0,0,0,0,0
"DA62978",3,0,0,0,0,0,0,0,0,0,0,0,1,1,1,0,0,0,0,0,0
"DA62980",3,0,0,0,0,0,0,0,0,0,0,0,0,0,0,0,0,0,0,0,0
"DA62982",3,0,0,0,0,0,0,0,0,0,0,0,0,0,0,0,0,0,0,0,0
"DA62984",2,1,1,1,1,1,0,0,0,0,0,0,0,0,0,0,0,0,0,0,0
"DA62986",3,0,0,0,0,0,0,0,0,0,0,0,0,0,0,0,0,0,0,0,0
"DA62988",2,1,1,1,2,1,0,1,1,0,0,0,1,0,0,0,0,0,0,0,0
"DA62990",1,0,0,0,0,0,0,0,0,0,0,0,0,0,0,0,0,0,0,0,0
"DA62992",1,0,0,0,0,0,0,0,0,0,0,0,0,0,0,0,0,0,0,0,0
"DA62994",1,1,1,1,2,1,0,1,1,0,0,0,1,0,0,0,0,0,0,0,0
"DA62996",2,0,0,0,0,0,0,0,0,0,0,0,0,0,0,0,0,0,0,0,0
"DA62998",1,0,0,0,0,1,0,0,0,0,0,0,0,0,0,0,0,0,0,0,0
"DA63000",2,0,0,0,0,0,0,0,0,0,0,0,0,0,0,0,0,0,0,0,0
"DA63002",3,1,1,1,1,2,0,1,1,0,0,0,0,0,0,0,0,0,0,0,0
"DA63004",2,0,1,1,2,1,0,0,0,0,0,0,0,0,0,0,0,0,0,0,0
"DA63006",2,0,0,0,0,0,0,0,0,0,0,0,0,0,0,0,0,0,0,0,0
"DA63008",2,1,1,1,1,1,0,0,0,0,0,0,0,0,0,0,0,0,0,0,0
"DA63010",2,0,0,0,0,0,0,0,0,0,0,0,0,0,0,0,0,0,0,0,0
"DA63012",2,1,1,1,1,1,0,0,1,0,0,0,0,0,0,0,0,0,0,0,0
"DA63014",1,0,0,0,0,0,0,0,1,0,0,0,0,0,0,0,0,0,0,0,0
"DA63016",2,0,0,0,0,0,0,0,0,0,0,0,0,0,0,0,0,0,0,0,0
"DA63020",3,1,1,1,1,1,0,0,0,0,0,1,0,0,0,0,0,0,0,0,0
"DA63022",3,0,0,0,0,0,0,0,0,0,0,0,0,0,0,0,0,0,0,0,0
"DA63024",3,0,0,0,0,0,0,0,0,0,0,0,0,0,0,0,0,0,0,0,0
"DA63026",1,1,0,0,1,1,0,1,0,0,0,0,0,0,0,0,0,0,0,0,0
"DA63028",2,0,0,0,0,0,0,0,0,0,0,0,0,0,0,0,0,0,0,0,0
"DA63030",1,1,1,1,2,1,0,1,1,0,1,0,2,1,1,0,0,0,0,0,0
"DA63032",3,0,0,0,0,1,0,0,0,0,0,0,0,0,0,0,0,0,0,0,0
"DA63034",2,1,0,0,1,1,0,0,0,0,0,0,0,0,0,0,0,0,0,0,0
"DA63036",3,0,0,0,0,0,0,0,0,0,0,0,0,0,0,0,0,0,0,0,0
"DA63038",1,0,0,0,0,1,0,0,0,0,0,0,0,0,0,0,0,0,0,0,0
"DA63040",2,0,0,0,0,1,0,0,0,0,0,0,0,0,0,0,0,0,0,0,0
"DA63042",2,0,0,0,0,0,0,0,0,0,0,0,0,0,0,0,0,0,0,0,0
"DA63044",2,0,0,0,0,0,0,0,0,0,0,0,0,0,0,0,0,0,0,0,0
"DA63046",3,1,2,2,3,2,0,0,0,0,0,0,0,0,0,0,0,0,0,0,0
"DA63048",3,1,0,0,2,1,0,1,0,0,0,0,0,0,0,0,0,0,0,0,0
"DA63050",2,0,0,0,0,0,0,0,0,0,0,0,0,0,0,0,0,0,0,0,0
"DA63052",2,0,0,0,0,1,0,0,0,0,0,0,0,0,0,0,0,0,0,0,0
"DA63054",3,1,1,1,2,0,0,1,1,0,1,0,0,0,0,0,0,0,0,0,0
"DA63056",2,0,0,0,1,0,0,0,0,0,0,0,0,0,0,0,0,0,0,0,0
"DA63058",2,0,0,0,0,1,0,0,0,0,0,0,0,0,0,0,0,0,0,0,0
"DA63060",2,0,0,0,0,1,0,0,1,0,0,0,0,0,0,0,0,0,0,0,0
"DA63064",2,0,1,1,1,1,0,0,0,0,0,1,0,0,0,0,0,0,0,0,0
"DA63066",2,0,0,0,1,0,0,0,0,0,0,0,0,0,0,0,0,0,0,0,0
"DA63068",3,0,0,0,0,0,0,0,0,0,0,0,0,0,0,0,0,0,0,0,0
"DA63072",1,0,0,0,0,0,0,0,0,0,0,0,0,0,0,0,0,0,0,0,0
"DA63074",2,0,0,0,0,0,0,0,0,0,0,0,0,0,0,0,0,0,0,0,0
"DA63078",3,0,0,0,0,0,0,0,0,0,0,0,0,0,0,0,0,0,0,0,0
"DA63080",3,0,1,1,1,0,0,0,0,1,0,1,0,0,0,0,0,0,0,0,0
"DA63082",3,0,1,1,2,1,0,0,0,1,0,1,0,0,0,0,0,0,0,0,0
"DA63084",3,0,0,0,0,0,0,0,0,0,0,0,0,0,0,0,0,0,0,0,0
"DA63088",2,0,0,0,0,0,0,0,0,0,0,0,0,0,0,0,0,0,0,0,0
"DA63090",3,0,0,0,0,0,0,0,0,0,0,0,0,0,0,0,0,0,0,0,0
"DA63092",3,0,0,0,0,0,0,0,0,0,0,0,0,0,0,0,0,0,0,0,0
"DA63094",2,0,0,0,0,0,0,0,0,0,0,0,0,0,0,0,0,0,0,0,0
"DA63096",2,0,0,0,0,0,0,0,0,0,0,0,0,0,0,0,0,0,0,0,0
"DA63098",2,1,0,0,1,0,0,0,0,0,0,0,0,1,0,0,0,0,0,0,0
"DA63100",2,0,0,0,0,0,0,0,0,0,0,0,0,0,0,0,0,0,0,0,0
"DA63102",3,0,0,0,0,0,0,0,0,0,0,0,0,0,0,0,0,0,0,0,0
"DA63104",2,0,0,0,0,0,0,0,0,0,2,0,0,0,0,0,0,0,0,0,0
"DA63106",3,0,1,1,0,1,0,0,0,0,0,0,0,0,0,0,0,0,0,0,0
"DA63108",3,0,0,0,0,0,0,0,0,0,0,0,0,0,0,0,0,0,0,0,0
"DA63110",2,0,0,0,0,0,0,0,0,0,0,0,0,0,0,0,0,0,0,0,0
"DA63112",2,0,0,0,0,1,0,0,0,0,0,0,0,0,0,0,0,0,0,0,0
"DA63114",2,1,1,0,1,2,0,0,0,0,0,0,0,0,0,0,0,0,0,0,0
"DA63116",3,0,0,0,0,0,0,0,0,0,1,0,1,1,1,0,0,0,0,0,0
"DA63118",2,0,0,0,0,0,0,0,0,0,0,0,0,0,0,0,0,0,0,0,0
"DA63120",3,1,1,1,2,2,0,1,1,0,0,0,0,0,0,0,0,0,0,0,0
"DA63122",3,1,1,1,1,1,0,0,0,0,0,0,0,0,0,0,0,0,0,0,0
"DA63124",2,0,0,0,0,0,0,0,0,0,0,0,0,0,0,0,0,0,0,0,0
"DA63126",3,0,0,0,0,1,0,0,0,0,0,0,0,0,0,0,0,0,0,0,0
"DA63128",2,0,0,0,0,0,0,0,0,0,0,0,0,0,0,0,0,0,0,0,0
"DA63130",3,0,0,0,0,1,0,0,0,0,1,0,1,0,0,0,0,0,0,0,0
"DA63134",3,0,0,0,0,0,0,0,0,0,0,0,0,0,0,0,0,0,0,0,0
"DA63136",2,1,0,0,1,0,0,1,0,0,0,0,0,0,0,0,0,0,0,0,0
"DA63138",1,0,0,0,0,0,0,0,0,0,0,0,0,0,0,0,0,0,0,0,0
"DA63140",2,0,1,1,1,0,0,0,0,0,0,0,0,0,0,0,0,0,0,0,0
"DA63142",3,0,1,1,0,1,0,0,0,0,0,0,0,0,0,0,0,0,0,0,0
"DA63144",2,0,0,0,1,1,0,0,0,0,0,0,0,0,0,0,0,0,0,0,0
"DA63146",2,1,1,1,1,1,1,0,0,1,0,1,0,0,0,0,0,0,0,0,0
"DA63148",2,0,0,0,0,0,0,0,0,0,0,0,0,0,0,0,0,0,0,0,0
"DA63150",1,0,0,0,1,0,0,0,1,0,1,0,1,1,1,1,0,0,0,0,0
"DA63152",3,0,0,0,0,1,0,0,0,0,0,0,0,0,0,0,0,0,0,0,0
"DA63154",1,0,0,0,0,0,0,0,0,0,0,0,0,0,0,0,0,0,0,0,0
"DA63156",2,0,0,0,0,0,0,0,0,0,0,0,0,0,0,0,0,0,0,0,0
"DA63158",1,0,0,0,0,0,0,0,0,0,1,0,1,1,1,0,0,0,0,0,0
"DA63160",2,0,0,0,0,1,0,0,0,0,0,0,0,0,0,0,0,0,0,0,0
"DA63162",2,0,0,0,0,0,0,0,0,0,0,0,0,0,0,0,0,0,0,0,0
"DA63166",3,0,0,0,0,0,0,0,0,0,0,0,0,0,0,0,0,0,0,0,0
"DA63168",2,0,0,0,0,0,0,0,0,0,0,0,0,0,0,0,0,0,0,0,0
"DA63170",3,0,0,0,0,0,0,0,0,0,0,0,0,0,0,0,0,0,0,0,0
"DA63172",3,1,1,1,2,1,0,1,1,0,1,0,0,0,0,0,0,0,0,0,0
"DA63174",2,0,0,0,0,0,0,0,0,0,0,0,0,0,0,0,0,0,0,0,0
"DA63176",2,0,0,0,0,0,0,0,0,0,0,0,0,0,0,0,0,0,0,0,0
"DA63178",3,1,1,1,2,1,0,1,1,0,0,0,0,0,0,0,0,0,0,0,0
"DA63182",2,1,1,1,1,1,0,0,0,0,0,0,0,0,0,0,0,0,0,0,0
"DA63184",3,0,0,0,0,0,0,0,0,0,0,0,0,0,0,0,0,0,0,0,0
"DA63186",2,0,0,0,0,1,0,0,0,0,0,0,0,0,0,0,0,0,0,0,0
"DA63188",2,0,0,0,0,0,0,0,0,0,0,0,0,0,0,0,0,0,0,0,0
"DA63190",2,0,0,0,0,0,0,0,0,0,0,0,0,0,0,0,0,0,0,0,0
"DA63192",2,0,0,0,1,0,0,0,0,0,0,0,0,0,0,0,0,0,0,0,0
"DA63194",2,1,1,1,1,1,0,0,0,1,1,0,1,0,0,0,0,0,0,0,0
"DA63196",2,0,0,0,0,0,0,0,0,0,0,0,0,0,0,0,0,0,0,0,0
"DA63198",1,0,0,0,0,0,0,0,0,0,1,0,0,0,0,0,0,0,0,0,0
"DA63200",2,0,0,0,0,0,0,0,0,0,0,0,0,0,0,0,0,0,0,0,0
"DA63202",1,0,0,0,1,0,0,0,1,0,1,0,1,1,1,1,0,0,0,0,0
"DA63204",2,0,0,0,0,0,0,0,0,0,0,0,0,0,0,0,0,0,0,0,0
"DA63206",3,1,1,1,1,1,0,0,0,0,0,2,1,1,0,0,0,0,0,0,0
"DA63210",2,1,1,1,1,1,0,0,0,0,0,0,0,0,0,0,0,0,0,0,0
"DA63212",3,0,1,1,1,1,0,0,0,0,0,0,0,0,0,0,0,0,0,0,0
"DA63214",3,1,1,1,0,1,0,0,1,1,1,1,1,0,0,0,0,0,0,0,0
"DA63216",1,0,0,0,0,0,0,0,0,0,0,0,0,0,0,0,0,0,0,0,0
"DA63218",3,1,1,1,1,1,0,0,0,0,0,0,0,0,0,0,0,0,0,0,0
"DA63220",2,0,0,0,0,0,0,0,0,0,0,0,0,0,0,0,0,0,0,0,0
"DA63222",2,1,0,0,0,0,0,0,0,0,0,0,0,0,0,0,0,0,0,0,0
"DA63224",2,0,0,0,0,0,0,0,0,0,0,0,0,0,0,0,0,0,0,0,0
"DA63226",2,1,1,1,1,1,0,0,0,1,1,0,1,0,0,0,0,0,0,0,0
"DA63228",2,0,0,0,0,0,0,0,0,0,0,0,0,0,0,0,0,0,0,0,0
"DA63230",2,0,0,0,0,0,0,0,0,0,0,0,0,0,0,0,0,0,0,0,0
"DA63232",2,0,0,0,0,0,0,0,0,0,0,0,0,0,0,0,0,0,0,0,0
"DA63234",2,0,0,0,0,0,0,0,0,0,0,0,0,0,0,0,0,0,0,0,0
"DA63236",2,0,0,0,0,0,0,0,0,0,0,0,0,0,0,0,1,0,0,0,0
"DA63238",3,1,1,1,2,1,0,1,1,1,0,1,0,0,0,0,0,0,0,0,0
"DA63240",2,0,0,0,0,0,0,0,0,0,0,0,0,0,0,0,0,0,0,0,0
"DA63242",3,0,0,0,0,0,0,0,0,0,0,0,0,0,0,0,0,0,0,0,0
"DA63244",1,0,0,0,0,1,0,0,0,0,0,0,0,0,0,0,0,0,0,0,0
"DA63246",2,0,0,0,0,0,0,0,0,0,0,0,0,0,0,0,0,0,0,0,0
"DA63248",1,0,1,1,1,2,0,0,0,0,0,0,0,0,0,0,0,0,0,0,0
"DA63250",2,0,0,0,0,0,0,0,0,0,0,0,0,0,0,0,0,0,0,0,0
"DA63252",3,1,2,2,3,2,0,1,2,0,0,0,0,0,0,0,0,0,0,0,0
"DA63254",2,1,1,1,2,1,0,0,0,0,0,1,0,0,0,0,0,0,0,0,0
"DA63256",2,0,0,0,0,0,0,0,0,0,0,0,0,0,0,0,0,0,0,0,0
"DA63258",2,0,0,0,0,0,0,0,0,0,0,0,0,0,0,0,0,0,0,0,0
"DA63260",1,0,0,0,0,0,0,0,0,0,0,0,0,0,0,0,0,0,0,0,0
"DA63262",1,0,0,0,0,1,0,0,0,0,0,0,0,0,0,0,0,0,0,0,0
"DA63264",2,1,1,1,1,1,0,0,0,0,0,0,0,0,0,0,0,0,0,0,0
"DA63266",2,0,0,0,0,1,0,0,0,0,0,0,0,0,0,0,0,0,0,0,0
"DA63268",2,0,0,0,0,0,0,0,0,0,0,0,0,0,0,0,0,0,0,0,0
"DA63270",2,0,0,0,0,0,0,0,0,0,0,0,0,0,0,0,0,0,0,0,0
"DA63272",2,0,0,0,0,0,0,0,0,0,0,0,0,0,0,0,0,0,0,0,0
"DA63274",3,0,1,1,1,1,0,0,0,0,0,0,0,0,0,0,0,0,0,0,0
"DA63276",2,0,0,0,0,0,0,0,0,0,0,0,0,0,0,0,0,0,0,0,0
"DA63278",2,0,0,0,0,0,0,0,0,0,0,0,0,0,0,0,0,0,0,0,0
"DA63282",2,0,0,0,0,0,0,0,0,0,0,0,0,0,0,0,0,0,0,0,0
"DA63284",2,0,0,0,0,1,0,0,0,0,0,0,0,0,0,0,0,0,0,0,0
"DA63286",1,1,1,1,2,0,0,1,1,0,0,0,0,0,0,0,0,0,0,0,0
"DA63288",2,0,0,0,0,0,0,0,0,0,0,0,0,0,0,0,0,0,0,0,0
"DA63290",3,0,0,0,0,0,0,0,0,0,0,0,0,0,0,0,0,0,0,0,0
"DA63292",1,0,0,0,0,1,0,0,0,0,0,0,1,0,0,0,0,0,0,0,0
"DA63294",2,0,0,0,0,0,0,0,0,0,0,0,0,0,0,0,0,0,0,0,0
"DA63296",2,0,0,0,0,0,0,0,0,0,0,0,0,0,0,0,0,0,0,0,0
"DA63298",1,0,0,0,0,1,0,0,0,0,0,0,1,0,0,0,0,0,0,0,0
"DA63300",3,0,0,0,0,0,0,0,0,0,0,0,0,0,0,0,0,0,0,0,0
"DA63302",2,1,1,1,1,1,0,0,0,1,0,0,0,0,0,0,0,0,0,0,1
"DA63304",3,0,0,0,0,0,0,0,0,0,0,0,0,0,0,0,0,0,0,0,0
"DA63306",2,1,1,1,2,1,0,1,1,0,0,0,1,0,0,0,0,0,0,0,0
"DA63310",1,0,0,0,0,0,0,0,0,0,0,0,0,0,0,0,0,0,0,0,0
"DA63312",2,0,0,0,0,0,0,0,0,0,0,0,0,0,0,0,0,0,0,0,0
"DA63314",2,0,0,0,0,0,0,0,0,0,0,0,0,0,0,0,0,0,0,0,0
"DA63316",2,0,0,0,0,0,0,0,0,0,0,0,0,0,0,0,0,0,0,0,0
"DA63318",1,0,0,0,0,0,0,0,0,0,0,0,0,0,0,0,0,0,0,0,0
"DA63320",1,1,1,1,1,1,0,0,0,0,2,0,1,1,1,0,0,0,0,0,0
"DA63322",2,0,0,0,1,0,0,0,0,0,0,0,0,0,0,0,0,1,0,0,0
"DA63324",2,0,0,0,0,0,0,0,0,0,0,0,0,0,0,0,0,0,0,0,0
"DA63326",3,0,0,0,0,0,0,0,0,0,0,0,0,0,0,0,0,0,0,0,0
"DA63328",3,0,0,0,0,0,0,0,0,0,0,0,0,0,0,0,0,0,0,0,0
"DA63330",2,0,0,0,0,1,0,0,0,0,0,0,0,0,0,0,0,0,0,0,0
"DA63332",3,0,0,0,1,1,0,0,0,1,1,1,0,0,0,0,0,0,0,0,0
"DA63334",3,1,1,1,2,1,0,1,1,0,0,0,0,0,0,0,0,0,0,0,0
"DA63336",2,1,1,1,1,1,0,0,0,1,1,0,1,0,0,0,0,0,0,0,0
"DA63338",2,0,0,0,0,0,0,0,0,0,0,0,0,0,0,0,0,0,0,0,0
"DA63340",3,0,0,1,2,1,0,1,0,0,0,0,0,0,0,0,0,0,1,0,0
"DA63342",1,0,0,0,1,0,0,0,1,0,1,0,1,1,1,1,0,0,0,0,0
"DA63344",2,0,0,0,0,0,0,0,0,0,0,0,0,0,0,0,0,0,0,0,0
"DA63346",2,1,1,1,2,1,0,0,0,0,0,1,0,0,0,0,0,0,0,0,0
"DA63348",2,0,0,0,0,0,0,0,0,0,0,0,0,0,0,0,0,0,0,0,0
"DA63350",1,1,1,1,2,1,0,1,1,0,0,0,0,0,0,0,0,0,0,0,0
"DA63352",2,1,1,1,1,1,0,0,0,0,0,0,1,0,0,0,0,0,0,0,0
"DA63356",1,0,0,0,0,0,0,0,0,0,0,0,0,0,0,0,0,0,0,0,0
"DA63360",2,1,1,1,1,1,0,0,0,0,0,0,0,0,0,0,0,0,0,0,0
"DA63362",2,0,0,0,1,0,0,0,0,0,0,0,0,0,0,0,0,1,0,0,0
"DA63366",3,0,0,0,0,0,0,0,0,0,0,0,1,1,1,0,0,0,0,0,0
"DA63368",2,0,0,0,0,1,0,0,0,0,0,0,0,0,0,0,0,0,0,0,0
"DA63374",3,1,1,1,1,1,0,0,0,0,0,1,0,0,0,0,0,0,0,0,0
"DA63380",2,0,0,0,0,0,0,0,0,0,0,0,0,0,0,0,0,0,0,0,0
"DA63382",2,1,1,1,2,1,0,0,0,0,0,0,0,0,0,0,0,0,0,0,0
"DA63570",3,1,1,1,1,1,0,0,0,0,0,0,0,0,0,0,0,0,0,0,0
"DA63580",3,0,0,0,0,0,0,0,0,0,0,0,0,0,0,0,0,0,0,0,0
"DA63586",3,0,0,0,0,0,0,0,0,0,0,0,0,0,0,0,0,0,0,0,0
"DA63588",3,0,0,0,0,1,0,0,0,0,0,0,0,0,0,0,0,0,0,0,0
"DA63594",1,1,1,1,2,1,0,1,1,0,0,0,0,0,0,0,0,0,0,0,0
"DA63596",3,1,2,2,2,2,0,0,1,0,0,0,0,0,0,0,0,0,0,0,0
"DA63598",2,0,0,0,0,0,0,0,0,0,0,0,0,0,0,0,0,0,0,0,0
"DA63608",3,1,0,0,1,1,0,1,0,0,0,0,0,1,1,0,0,0,0,0,0
"DA63612",3,0,0,0,0,0,0,0,0,0,0,0,0,0,0,0,0,0,0,0,0
"DA63626",3,0,0,0,0,0,0,0,0,0,0,0,0,0,0,0,0,0,0,0,0
"DA63640",3,0,0,0,0,0,0,0,0,0,0,0,0,0,0,0,0,0,0,0,0
"DA63642",2,0,0,0,0,0,0,0,0,0,0,0,0,0,0,0,0,0,0,0,0
"DA63644",3,0,0,0,0,0,0,0,0,0,0,0,0,0,0,0,0,0,0,0,0
"DA63648",1,0,0,0,0,1,0,0,0,0,0,0,1,0,0,0,0,0,0,0,0
"DA63652",3,1,0,1,2,1,0,1,1,0,0,0,0,0,0,0,0,0,0,0,0
"DA63654",1,0,0,0,0,1,0,0,0,0,0,0,1,0,0,0,0,0,0,0,0
"DA63656",2,1,1,1,2,1,0,0,0,0,0,0,0,0,0,0,0,0,0,0,0
"DA63658",2,1,0,0,0,0,0,0,1,0,0,0,0,0,0,0,0,0,0,0,0
"DA63660",3,0,0,0,0,0,0,0,0,0,0,0,0,0,0,0,0,0,0,0,0
"DA63662",2,0,0,0,0,0,0,0,0,0,0,0,0,0,0,0,0,0,0,0,0
"DA63668",2,0,0,0,0,0,0,0,0,0,0,0,0,0,0,0,0,0,0,0,0
"DA63670",2,0,0,0,0,0,0,0,0,0,0,0,0,0,0,0,0,0,0,0,0
"DA63672",2,1,1,1,1,1,0,0,1,0,0,0,0,0,0,0,0,0,0,0,0
"DA63676",1,0,0,0,0,2,0,0,0,0,0,0,0,0,0,0,0,0,0,0,0
"DA63678",3,0,0,0,0,0,0,0,0,0,0,0,0,0,0,0,0,0,0,0,0
"DA63680",1,1,1,1,2,0,0,1,1,0,1,0,0,0,0,0,0,0,0,0,0
"DA63682",2,0,0,0,0,0,0,0,0,0,0,0,0,0,0,0,0,0,0,0,0
"DA63684",2,0,0,0,0,0,0,0,0,0,0,0,0,0,0,0,0,0,0,0,0
"DA63686",2,0,0,0,0,0,0,0,0,0,0,0,0,0,0,0,0,0,0,0,0
"DA63688",3,0,0,1,2,2,0,0,0,0,0,0,0,0,0,0,0,0,0,0,0
"DA63690",1,0,1,1,1,2,0,0,1,0,0,1,1,0,0,0,0,0,0,0,0
"DA63694",1,0,1,1,0,1,0,0,0,0,0,0,0,0,0,0,0,0,0,0,0
"DA63696",2,0,0,0,0,0,0,0,0,0,0,0,0,0,0,0,0,0,0,0,0
"DA63698",3,1,1,0,1,1,0,0,0,0,0,0,0,0,0,0,0,0,0,0,0
"DA63702",2,0,0,0,0,0,0,0,0,0,0,0,0,0,0,0,0,0,0,0,0
"DA63704",3,0,0,0,0,0,0,0,0,0,0,0,0,0,0,0,0,0,0,0,0
"DA63706",1,1,1,1,2,0,0,1,1,0,1,0,0,1,1,0,0,0,0,0,0
"DA63708",3,2,2,2,3,2,0,0,0,0,0,0,0,0,0,0,0,0,0,0,0
"DA63710",2,0,0,0,0,0,0,0,0,0,0,0,0,0,0,0,0,0,0,0,0
"DA63712",3,1,1,0,2,0,0,1,1,0,1,0,1,1,1,0,0,0,0,0,0
"DA63714",1,0,0,0,0,0,0,0,0,0,0,0,0,0,0,0,0,0,0,0,0
"DA63718",3,0,0,0,0,0,0,0,0,0,0,0,0,0,0,0,0,0,0,0,0
"DA63722",3,0,0,0,0,0,0,0,0,0,0,0,0,0,0,0,0,0,0,0,0
"DA63724",2,1,1,1,2,1,0,1,1,0,0,0,0,0,0,0,0,0,0,0,0
"DA63726",1,0,0,0,0,0,0,0,0,0,1,0,1,0,0,0,0,0,0,0,0
"DA63728",3,0,0,0,0,0,0,0,0,0,0,0,0,0,0,0,0,0,0,0,0
"DA63730",1,0,0,0,0,0,0,0,0,0,0,0,0,0,0,0,0,0,0,0,0
"DA63734",2,0,0,0,0,0,0,0,0,0,0,0,0,0,0,0,0,0,0,0,0
"DA63738",2,0,0,0,0,0,0,0,0,0,0,0,0,0,0,0,0,0,0,0,0
"DA63744",3,0,2,2,4,1,0,0,0,0,0,1,1,1,0,0,0,0,0,1,0
"DA63746",2,0,0,0,0,0,0,0,0,0,0,0,0,0,0,0,0,0,0,0,0
"DA63748",2,0,1,1,1,1,0,0,0,0,0,1,0,0,0,0,0,0,0,0,0
"DA63752",1,0,1,1,1,2,0,0,1,0,0,1,1,0,0,0,0,0,0,0,0
"DA63754",3,1,0,0,0,2,1,0,0,0,1,0,0,0,0,0,0,0,0,0,0
"DA63758",2,0,0,0,0,0,0,0,0,0,0,0,0,0,0,0,0,0,0,0,0
"DA63760",3,0,0,0,0,0,0,0,0,0,1,0,1,1,1,0,0,0,0,0,0
"DA63762",3,1,1,1,2,0,0,0,1,0,0,0,0,0,0,0,0,0,0,0,0
"DA63766",2,1,1,1,2,1,0,0,0,0,0,0,0,0,0,0,0,0,0,0,0
"DA63770",3,0,0,0,0,0,0,0,0,0,0,0,0,0,0,0,0,0,0,0,0
"DA63772",1,0,0,0,1,0,0,0,1,0,1,0,1,1,1,1,0,0,0,0,0
"DA63776",3,1,1,1,2,2,0,0,1,0,0,0,0,0,0,0,0,0,0,0,0
"DA63780",2,0,0,0,1,1,0,0,0,0,0,0,0,1,0,0,0,0,0,0,0
"DA63784",2,1,1,1,2,1,0,0,0,0,0,1,0,0,0,0,0,0,0,0,0
"DA63786",3,0,0,0,0,0,0,0,0,0,0,0,0,0,0,0,0,0,0,0,0
"DA63790",1,0,0,0,0,2,0,0,0,0,0,0,0,0,0,0,0,0,0,0,0
"DA63796",3,0,0,0,0,0,0,0,0,0,0,0,0,0,0,0,0,0,0,0,0
"DA63800",1,0,0,0,0,0,0,0,0,0,0,0,0,0,0,0,0,0,0,0,0
"DA63804",2,0,0,0,0,0,0,0,0,0,0,0,0,0,0,0,0,0,0,0,0
"DA63808",3,0,0,0,0,0,0,0,0,0,0,0,0,0,0,0,0,0,0,0,0
"DA63810",2,0,0,0,0,0,0,0,0,0,0,0,0,0,0,0,0,0,0,0,0
"DA63814",3,0,0,0,1,1,0,0,0,0,1,1,0,0,0,0,0,0,0,0,0
"DA63816",2,0,0,0,0,0,0,0,0,0,0,0,0,0,0,0,0,0,0,0,0
"DA63818",3,0,0,0,0,0,0,0,0,0,0,0,0,0,0,0,0,0,0,0,0
"DA63822",1,1,1,1,2,1,0,1,1,0,0,0,1,0,0,0,0,0,0,0,0
"DA63826",3,0,1,1,2,1,0,0,1,0,0,0,0,0,0,0,0,0,0,0,0
"DA63828",1,0,0,0,0,2,0,0,0,0,0,0,0,0,0,0,0,0,0,0,0
"DA63832",3,0,0,0,0,0,0,0,0,0,0,0,0,0,0,0,0,0,0,0,0
"DA63834",3,1,1,1,1,1,0,0,1,0,0,0,0,0,0,0,0,0,0,0,0
"DA63836",2,0,0,0,0,0,0,0,0,0,0,0,0,0,0,0,0,0,0,0,0
"DA63838",2,0,0,0,0,0,0,0,0,0,0,0,0,0,0,0,0,0,0,0,0
"DA63842",3,1,1,1,1,1,0,0,0,0,0,0,0,0,0,0,0,0,0,0,0
"DA63848",2,0,0,0,0,1,0,0,0,0,0,0,0,0,0,0,0,0,0,0,0
"DA63850",2,1,0,0,0,1,1,0,0,0,0,0,0,0,0,0,0,0,0,0,0
"DA63854",3,0,0,0,1,0,0,0,0,0,0,0,0,0,0,0,0,0,0,0,0
"DA63862",3,1,1,1,2,3,0,1,1,0,0,0,1,0,0,0,0,0,0,0,0
"DA63864",2,0,0,0,1,1,0,0,0,0,0,0,0,0,0,0,0,0,0,0,0
"DA63870",3,1,1,1,2,1,0,0,0,0,0,0,0,0,0,0,0,0,0,0,0
"DA63874",3,0,0,0,0,0,0,0,0,0,0,0,0,0,0,0,0,0,0,0,0
"DA63876",2,0,0,0,0,0,0,0,0,0,0,0,0,0,0,0,0,0,0,0,0
"DA63878",2,0,0,0,0,0,0,0,0,0,0,0,0,0,0,0,0,0,0,0,0
"DA63880",1,1,0,0,0,0,0,0,1,1,0,0,0,0,0,0,0,0,0,0,0
"DA63882",2,1,0,0,0,1,0,0,0,0,0,0,0,0,0,0,0,0,0,0,0
"DA63884",1,1,0,0,1,0,0,1,1,0,1,0,0,1,1,0,0,0,0,0,0
"DA63886",3,0,0,0,0,0,0,0,0,0,0,0,0,0,0,0,0,0,0,0,0
"DA63888",3,0,1,1,1,1,0,0,1,1,0,1,1,0,0,0,0,0,0,0,0
"DA63890",3,1,1,1,1,1,0,1,1,0,2,0,1,0,0,0,0,0,0,0,0
"DA63892",3,1,1,1,1,1,0,0,0,0,0,0,0,0,0,0,0,0,0,0,1
"DA63894",2,0,0,0,0,0,0,0,0,0,0,0,0,0,0,0,0,0,0,0,0
"DA63896",3,1,1,1,2,1,0,1,1,0,1,1,0,0,0,0,1,0,0,0,0
"DA63898",2,0,0,0,0,0,0,0,0,0,0,0,0,0,0,0,0,0,0,0,0
"DA63900",3,1,1,1,2,1,0,0,1,0,0,1,0,0,0,0,0,0,0,0,0
"DA63902",2,1,0,0,1,0,1,0,0,0,0,0,0,0,0,0,0,0,0,0,0
"DA63906",3,0,0,0,0,0,0,0,0,0,0,0,0,0,0,0,0,0,0,0,0
"DA63908",3,1,0,0,0,0,1,0,0,0,0,0,0,0,0,0,0,0,0,0,0
"DA63914",3,0,1,1,1,1,0,0,1,1,1,1,1,0,0,0,0,0,0,0,0
"DA63916",3,0,0,0,0,0,0,0,0,0,0,0,0,0,0,0,0,0,0,0,0
"DA63918",2,0,0,0,0,0,0,0,0,0,0,0,0,0,0,0,0,0,0,0,0
"DA63920",2,0,0,0,0,0,0,0,0,0,0,0,0,0,0,0,0,0,0,0,0
"DA63922",3,1,1,1,1,1,0,0,0,1,0,0,0,0,0,0,0,0,0,0,0
"DA63924",3,1,1,1,2,1,0,0,1,0,0,0,0,0,0,0,0,0,0,0,0
"DA63926",1,0,0,0,0,1,0,0,0,0,0,0,0,0,0,0,0,0,0,0,0
"DA63928",2,1,0,0,0,0,1,0,0,0,0,1,0,0,0,0,0,0,0,0,0
"DA63932",1,0,0,0,0,1,0,0,0,0,0,0,1,0,0,0,0,0,0,0,0
"DA63934",1,0,0,0,0,1,0,0,0,0,0,0,0,0,0,0,0,0,0,0,0
"DA63938",2,0,0,0,0,0,0,0,0,0,0,0,0,0,0,0,0,0,0,0,0
"DA63940",1,2,1,1,4,1,0,1,1,0,1,0,1,1,1,0,0,0,0,0,0
"DA63942",2,0,0,0,0,0,0,0,0,0,0,0,0,0,0,0,0,0,0,0,0
"DA63946",3,1,0,0,1,1,0,0,0,0,0,0,0,0,0,0,0,0,0,0,0
"DA63950",3,1,3,3,3,2,1,0,0,1,1,0,0,0,0,0,0,0,0,0,0
"DA63954",3,1,0,0,0,0,1,0,0,0,0,0,0,0,0,0,0,0,0,0,0
"DA63958",3,0,1,1,1,1,0,0,1,1,1,1,1,0,0,0,0,0,0,0,0
"DA63960",1,0,1,1,1,0,0,0,0,1,0,0,0,0,0,0,0,0,0,0,0
"DA63964",3,0,1,1,1,1,0,0,1,1,1,1,1,0,0,0,0,0,0,0,0
"DA63966",1,0,0,0,0,0,0,0,0,0,0,0,0,0,0,0,0,0,0,0,0
"DA63968",3,0,0,0,0,0,0,0,0,0,0,0,0,0,0,0,0,0,0,0,0
"DA63972",3,0,0,0,0,0,0,0,0,0,0,0,0,0,0,0,0,0,0,0,0
"DA63974",3,0,0,0,0,0,0,0,0,0,0,0,0,0,0,0,0,0,0,0,0
"DA63978",1,0,0,0,0,0,0,0,0,0,0,0,0,0,0,0,0,0,0,0,0
"DA63980",2,0,0,0,0,0,0,0,0,0,0,0,0,0,0,0,0,0,0,0,0
"DA63988",2,0,1,1,1,1,0,0,0,0,0,0,0,0,0,0,0,0,0,0,0
"DA63992",3,0,0,0,0,0,0,0,0,0,0,0,0,0,0,0,0,0,0,0,0
"DA63994",3,1,1,1,1,0,1,0,0,0,2,0,1,1,1,0,0,0,0,0,0
"DA63996",3,0,0,0,1,0,0,1,0,0,0,0,0,0,0,0,0,0,0,0,0
"DA64000",2,0,0,0,0,1,0,0,0,0,0,0,0,0,0,0,0,0,0,0,0
"DA64002",3,1,0,0,1,0,0,1,1,0,0,2,0,1,1,0,0,0,0,0,0
"DA64004",1,0,0,0,0,0,0,0,0,0,0,0,0,0,0,0,0,0,0,0,0
"DA64006",3,1,0,0,1,0,0,1,1,0,0,2,0,1,1,0,0,0,0,0,0
"DA64008",2,0,0,0,0,0,0,0,0,0,0,0,0,0,0,0,0,0,0,0,0
"DA64010",3,0,1,1,2,0,0,1,0,0,0,0,0,0,0,0,0,0,0,0,0
"DA64014",3,0,0,0,0,0,0,0,0,0,0,0,0,0,0,0,0,0,0,0,0
"DA64016",3,0,0,0,0,0,0,0,0,0,0,0,0,0,0,0,0,0,0,0,0
"DA64024",3,1,2,2,1,1,0,0,1,1,2,0,0,0,0,0,0,0,0,0,0
"DA64026",1,1,0,0,1,0,0,1,1,0,1,0,1,1,1,0,0,0,0,0,0
"DA64030",3,0,0,0,0,1,0,0,0,0,0,0,1,0,0,0,0,0,0,0,0
"DA64034",3,0,0,0,0,1,0,0,0,0,0,0,0,0,0,0,0,0,0,0,0
"DA64044",3,0,0,0,0,0,0,0,0,0,0,0,0,0,0,0,0,0,0,0,0
"DA64046",2,1,1,1,1,1,0,0,0,0,0,0,0,0,0,0,0,0,0,0,0
"DA64048",2,0,0,0,0,0,0,0,0,0,0,0,0,0,0,0,0,0,0,0,0
"DA64058",1,1,1,1,2,1,0,1,1,0,0,0,0,0,0,0,0,0,0,0,0
"DA64060",2,0,0,0,0,0,0,0,0,0,0,0,0,0,0,0,0,0,0,0,0
