"strain","resistance","UMAP1","UMAP2","UMAP3","UMAP4","UMAP5","UMAP6","UMAP7","UMAP8"
"DA62886","HR",10.6112289428711,-2.15163135528564,1.09228670597076,0.581244647502899,-1.57779097557068,0.5382319688797,-2.17022609710693,-0.726466298103333
"DA62888","nonHR",9.22699069976807,-1.57761645317078,0.299201428890228,0.045905489474535,-1.59792125225067,0.949724495410919,-0.896172881126404,-0.837217330932617
"DA62890","nonHR",9.99400520324707,-1.74721741676331,0.519713819026947,0.103884637355804,-1.80021584033966,-0.192680567502975,-0.785148561000824,-0.319481611251831
"DA62892","nonHR",-10.9699249267578,0.701972305774689,-3.09406924247742,-2.71973371505737,2.50163102149963,-0.758216917514801,-0.166950851678848,3.0583484172821
"DA62894","nonHR",9.80898094177246,-2.20031070709229,0.696215033531189,0.364496678113937,-0.614150285720825,-0.391042292118073,-1.31236529350281,-1.42334687709808
"DA62896","nonHR",10.2241086959839,-2.64008569717407,1.13773655891418,0.218508332967758,-0.654877185821533,0.537205755710602,-1.58034670352936,-1.43817055225372
"DA62898","nonHR",10.2528476715088,-1.25680899620056,0.455774217844009,0.316601604223251,-2.21028733253479,0.602640092372894,-1.38384664058685,-0.286983549594879
"DA62900","nonHR",-16.9738903045654,-2.70920252799988,-1.17319965362549,1.29401004314423,4.07641792297363,-0.350238144397736,0.156426250934601,2.91154265403748
"DA62902","nonHR",5.8920750617981,-0.579700708389282,0.097024105489254,-0.272889941930771,-1.05455577373505,-0.617215871810913,-0.0648270919919014,-0.693049490451813
"DA62904","nonHR",10.904580116272,-1.20697236061096,0.376086175441742,0.282270640134811,-2.94442701339722,0.0600780956447124,-1.1398857831955,0.485336810350418
"DA62906","nonHR",-16.6945343017578,-2.46075177192688,-1.54816508293152,0.945641756057739,4.0147852897644,-0.595736086368561,0.3060382604599,2.59406208992004
"DA62908","nonHR",9.05641460418701,-1.60959553718567,0.426726311445236,-0.0179374162107706,-1.44851624965668,0.827169716358185,-0.667098045349121,-1.0361430644989
"DA62914","nonHR",-17.0553245544434,-2.65769720077515,-1.17861473560333,1.5160950422287,4.08019924163818,-0.535403430461884,0.0778813138604164,2.82097291946411
"DA62916","nonHR",-16.2634792327881,-2.44591188430786,-1.18522357940674,1.89234483242035,4.77516508102417,-0.91164219379425,0.492390602827072,1.60440468788147
"DA62918","nonHR",10.1690368652344,-2.01330041885376,0.749492108821869,0.560237526893616,-1.34248960018158,0.356359481811523,-1.75822830200195,-0.930187404155731
"DA62920","HR",10.5023765563965,-2.04909896850586,0.591842889785767,0.19179792702198,-0.762147724628448,-0.684141755104065,-1.25188779830933,-1.37470757961273
"DA62922","nonHR",-11.3288507461548,1.17444276809692,-3.15638709068298,-2.88587474822998,2.61909580230713,-0.868175208568573,-0.518307387828827,2.42675137519836
"DA62924","nonHR",-11.0267066955566,0.975969970226288,-3.35878133773804,-3.37334704399109,2.65831303596497,-0.930301666259766,-0.364955097436905,3.08534240722656
"DA62926","nonHR",-17.1048278808594,-2.51946997642517,-1.30403065681458,1.76850891113281,4.11108541488647,-0.815388977527618,0.160246416926384,3.16019248962402
"DA62928","nonHR",-16.8077507019043,-2.22734880447388,-1.27005326747894,1.96478474140167,4.58280324935913,-0.73923933506012,0.352869063615799,2.20254111289978
"DA62932","nonHR",11.0724773406982,-1.32040560245514,0.574137151241302,-0.0592067316174507,-2.18799114227295,0.660114526748657,-1.5507265329361,-0.43756702542305
"DA62934","nonHR",-16.6910762786865,-2.27805995941162,-1.0982518196106,1.98086273670197,4.56069707870483,-0.894609391689301,0.543993413448334,2.59219241142273
"DA62936","nonHR",10.9764432907104,-1.32358741760254,0.557407736778259,0.0367803983390331,-2.20602607727051,0.608124017715454,-1.53944635391235,-0.371101170778275
"DA62938","nonHR",10.4153699874878,-2.67399406433105,1.10353708267212,0.0173272397369146,-0.612871587276459,0.446823537349701,-1.33713746070862,-1.45138800144196
"DA62940","nonHR",-17.2735595703125,-2.63656401634216,-1.30197930335999,1.56001317501068,4.10279893875122,-0.686589360237122,-0.0297923684120178,2.92109441757202
"DA62942","nonHR",10.672420501709,-1.41976583003998,0.555750489234924,0.40322732925415,-2.30643343925476,0.117703780531883,-1.41006875038147,0.243087038397789
"DA62944","nonHR",11.0138826370239,-1.54964578151703,0.64142519235611,0.597636520862579,-1.97165584564209,-0.181755095720291,-1.87128984928131,-0.361159831285477
"DA62946","HR",-0.650076627731323,7.20505809783936,2.35121393203735,-0.40840470790863,-2.61394453048706,2.11888551712036,3.35927748680115,-3.02746367454529
"DA62948","nonHR",6.43077087402344,-0.85793536901474,-0.14661480486393,-0.238548144698143,-1.52131366729736,-0.641559779644012,0.352360308170319,0.211008846759796
"DA62950","nonHR",10.8706607818604,-1.20436275005341,0.368296682834625,0.277540147304535,-2.92131686210632,0.0737692415714264,-1.10625374317169,0.484058290719986
"DA62952","nonHR",-16.9682788848877,-2.35327053070068,-1.28043174743652,2.02912878990173,4.43453884124756,-0.912365674972534,0.226773828268051,2.53196549415588
"DA62954","HR",9.36559104919434,-1.96775102615356,0.638887643814087,0.156750068068504,-1.34789741039276,-0.217299968004227,-0.624935209751129,-0.762681365013123
"DA62956","nonHR",6.8034725189209,-0.842671990394592,-0.0887965485453606,-0.375641524791718,-1.72792387008667,-0.86622428894043,0.124890208244324,0.139354899525642
"DA62958","HR",-2.14525389671326,6.85699319839478,2.08692693710327,-0.239459812641144,-1.21556007862091,1.65089690685272,2.66194796562195,-2.95492911338806
"DA62960","nonHR",10.3525371551514,-2.60691857337952,1.04785788059235,0.0483855716884136,-0.654506266117096,0.292582958936691,-1.32223641872406,-1.40482187271118
"DA62962","nonHR",-17.0206832885742,-2.37541031837463,-2.22975540161133,1.17065894603729,3.58869504928589,-1.11232602596283,-0.0152062308043242,2.3161358833313
"DA62964","nonHR",-11.1801948547363,1.27860498428345,-2.98146200180054,-3.37069773674011,3.06269383430481,-0.557960391044617,-0.468711495399475,2.63808274269104
"DA62966","nonHR",10.2521543502808,-1.92704176902771,0.605487167835236,0.203813076019287,-1.71745800971985,-0.447716563940048,-0.909708619117737,-0.322866886854172
"DA62968","nonHR",10.8493719100952,-1.05753231048584,0.653279960155487,0.587651312351227,-2.47068214416504,0.147819936275482,-1.85611474514008,-0.208041876554489
"DA62972","nonHR",10.9069271087646,-1.68257689476013,0.609071254730225,0.70363849401474,-1.63223695755005,-0.68286144733429,-1.75216484069824,-0.554978489875793
"DA62976","nonHR",10.0248565673828,-2.17786884307861,0.68388444185257,0.39374703168869,-0.705937922000885,-0.486700415611267,-1.42764616012573,-1.36624491214752
"DA62978","HR",-0.0693666860461235,7.1058030128479,2.75353789329529,-0.290846616029739,-3.04147458076477,1.44160032272339,3.49538946151733,-2.73991227149963
"DA62980","nonHR",-17.0056915283203,-2.50916433334351,-1.28025543689728,1.75661158561707,3.9747519493103,-0.714601993560791,0.146661087870598,3.02913236618042
"DA62982","nonHR",10.8868837356567,-1.63736414909363,0.57863062620163,0.644095897674561,-1.71731877326965,-0.714530408382416,-1.73116564750671,-0.513953387737274
"DA62984","nonHR",6.79211664199829,-0.814754486083984,-0.103024907410145,-0.503674209117889,-1.66657328605652,-0.943547606468201,-0.0440419465303421,-0.165071651339531
"DA62986","nonHR",10.5366277694702,-1.27876043319702,0.430225729942322,-0.00375655083917081,-2.01575589179993,0.305176794528961,-1.30617666244507,-0.532207250595093
"DA62990","nonHR",10.450514793396,-1.42135655879974,0.259545773267746,-0.0591250322759151,-2.72262239456177,-0.00145371560938656,-1.04791569709778,0.290841728448868
"DA62992","nonHR",10.5911207199097,-1.20004081726074,0.290147334337234,0.0834733173251152,-2.84152579307556,0.114317633211613,-0.879191339015961,0.419165730476379
"DA62994","nonHR",6.90970802307129,-0.801061034202576,-0.0776776894927025,-0.38892874121666,-1.73472666740417,-0.929344475269318,0.0152750890702009,0.0333801954984665
"DA62996","nonHR",9.18285083770752,-1.5142776966095,0.350263774394989,0.205233976244926,-1.49827659130096,0.84712553024292,-0.785795509815216,-0.732997238636017
"DA62998","HR",6.87930631637573,-0.775266230106354,-0.00370656861923635,-0.149000018835068,-1.73811733722687,-0.659068286418915,0.154601767659187,0.125221893191338
"DA63000","nonHR",10.6639003753662,-1.98169112205505,0.71363627910614,0.366008549928665,-1.947918176651,-0.330884367227554,-1.32827639579773,-0.143606647849083
"DA63002","HR",-16.4406642913818,-2.19850564002991,-0.948100566864014,1.71986293792725,4.53301000595093,-0.673863887786865,0.747190117835999,2.57638120651245
"DA63006","nonHR",10.7087984085083,-2.75159502029419,1.17041718959808,0.499965965747833,-0.946238398551941,0.402205944061279,-2.09479808807373,-1.21866846084595
"DA63010","nonHR",9.2452278137207,-1.55527949333191,0.446472674608231,0.114336222410202,-1.45005357265472,0.883170008659363,-0.653442084789276,-0.837304472923279
"DA63012","HR",-0.426140964031219,7.038001537323,2.42971181869507,-0.164526060223579,-2.75287580490112,1.25359749794006,3.57634592056274,-2.26601696014404
"DA63014","nonHR",10.8221063613892,-1.2195987701416,0.353318333625793,0.152185827493668,-2.88946318626404,0.00934402551501989,-1.01620137691498,0.454475611448288
"DA63016","nonHR",10.1155319213867,-1.46916127204895,0.442066699266434,0.1649309694767,-1.93818664550781,-0.483190715312958,-0.900676310062408,-0.181359738111496
"DA63020","nonHR",9.31774711608887,-1.74394679069519,0.378887414932251,0.024826617911458,-1.12632262706757,0.386766523122787,-0.954992473125458,-1.19718110561371
"DA63022","nonHR",10.3405389785767,-2.51969933509827,0.875665307044983,-0.00639861030504107,-0.50299072265625,-0.155844017863274,-1.21565198898315,-1.53743422031403
"DA63024","nonHR",10.7598276138306,-1.58577358722687,0.584885597229004,0.669471323490143,-1.73767220973969,-0.651504755020142,-1.70014905929565,-0.506232023239136
"DA63026","nonHR",6.80602025985718,-0.835033059120178,-0.0486129559576511,-0.384335547685623,-1.72681295871735,-0.83321076631546,0.124272912740707,0.112768493592739
"DA63028","nonHR",9.14682674407959,-1.58422899246216,0.35986715555191,0.0873038545250893,-1.43862581253052,0.803872764110565,-0.689739406108856,-0.834819793701172
"DA63030","HR",6.20158243179321,-0.331502944231033,0.201238438487053,-0.40274766087532,-1.49104118347168,-0.871890008449554,0.13494747877121,-0.578381955623627
"DA63032","nonHR",6.00742673873901,-0.553196012973785,-0.042645163834095,-0.220162585377693,-1.25923979282379,-0.715448558330536,0.258976310491562,-0.240105986595154
"DA63034","nonHR",-16.6246166229248,-2.55166959762573,-1.12487506866455,1.22531127929688,4.19274139404297,-0.441295325756073,0.435028076171875,2.86801838874817
"DA63036","nonHR",10.3362102508545,-2.69854688644409,1.16283214092255,0.108181782066822,-0.663011074066162,0.536697030067444,-1.5291600227356,-1.41497719287872
"DA63038","HR",10.3134241104126,-0.836405813694,0.417718380689621,0.21880666911602,-2.69357919692993,0.348050326108932,-1.10813999176025,0.106743678450584
"DA63040","HR",9.90065860748291,-1.71649265289307,0.534589469432831,-0.166823402047157,-1.80842852592468,0.0316644012928009,-0.485525280237198,-0.334429532289505
"DA63042","nonHR",10.6593904495239,-2.81584715843201,1.17059469223022,0.483059078454971,-0.916959285736084,0.423492401838303,-1.96520614624023,-1.16683006286621
"DA63044","nonHR",11.0733089447021,-1.75946033000946,0.715297341346741,0.612959921360016,-1.85340237617493,-0.0621732585132122,-2.03887724876404,-0.446832537651062
"DA63046","HR",-0.50707346200943,7.04241991043091,2.34873151779175,-0.41413289308548,-2.57892751693726,2.16437029838562,3.31553149223328,-2.99558448791504
"DA63048","nonHR",5.95754814147949,-0.465393900871277,0.0831055119633675,-0.405644178390503,-1.05238270759583,-0.685390710830688,0.0427613295614719,-0.663420438766479
"DA63050","nonHR",11.1814670562744,-1.07259976863861,0.56841367483139,0.318600952625275,-2.6351797580719,0.467999428510666,-1.68896615505219,-0.0070137856528163
"DA63052","nonHR",6.34769535064697,-0.918725490570068,-0.0837132558226585,-0.203106939792633,-1.44593131542206,-0.578534722328186,0.145447477698326,-0.0478239580988884
"DA63054","nonHR",6.54375600814819,-0.606020212173462,0.235820561647415,-0.279660314321518,-1.40971457958221,-1.01779961585999,-0.0376264415681362,-0.684057533740997
"DA63056","nonHR",10.6479148864746,-2.89369893074036,1.27820765972137,0.344194531440735,-0.806419551372528,0.347021400928497,-2.16189193725586,-1.36597466468811
"DA63058","nonHR",6.03768491744995,-0.889542877674103,-0.192399650812149,-0.0725674778223038,-1.27721440792084,-0.547837972640991,0.241642877459526,-0.0829621553421021
"DA63060","nonHR",7.94029951095581,-1.16832864284515,0.183305323123932,-0.0402987413108349,-1.62520408630371,-0.527886211872101,-0.304283648729324,-0.192469611763954
"DA63062","nonHR",-11.0103778839111,0.688971400260925,-2.93003249168396,-3.36190605163574,2.64768147468567,-0.630393385887146,-0.226609528064728,3.0519106388092
"DA63064","nonHR",9.78239154815674,-1.9735324382782,0.572753012180328,0.0719211623072624,-1.52890801429749,-0.156630173325539,-0.670774579048157,-0.533211588859558
"DA63066","nonHR",10.6824207305908,-2.89979648590088,1.32209837436676,0.345033079385757,-0.830172061920166,0.367983192205429,-2.16846799850464,-1.36288547515869
"DA63068","nonHR",-16.7279815673828,-2.267005443573,-1.54852628707886,2.01985907554626,4.38429403305054,-1.06414556503296,0.373285084962845,2.23100185394287
"DA63072","HR",10.496732711792,-1.12746548652649,0.228914633393288,0.114759221673012,-2.88787841796875,0.104146964848042,-0.876688420772552,0.476901113986969
"DA63074","nonHR",10.8371543884277,-2.764399766922,1.12433350086212,0.496281653642654,-1.11501824855804,0.383471220731735,-2.0235116481781,-1.05052435398102
"DA63078","nonHR",-16.6610221862793,-2.45692205429077,-1.55191957950592,1.70017564296722,3.86641311645508,-0.714280962944031,0.22573384642601,2.81940627098083
"DA63080","nonHR",-16.0745410919189,-2.54888272285461,-1.39971685409546,1.78036439418793,4.75450754165649,-1.093092918396,0.369038701057434,1.34007751941681
"DA63082","HR",-7.50748014450073,3.50395846366882,0.16164094209671,-0.111886911094189,0.518840789794922,0.648211002349854,1.81210064888,-0.586752951145172
"DA63084","nonHR",10.348162651062,-1.71209967136383,0.514971911907196,0.676410555839539,-1.52418684959412,-0.614404499530792,-1.56633770465851,-0.612379431724548
"DA63088","nonHR",9.31214332580566,-1.6209135055542,0.281384587287903,0.172798082232475,-1.44617998600006,0.947320461273193,-0.596968412399292,-0.704925298690796
"DA63090","nonHR",-10.9182357788086,0.809435606002808,-3.26382970809937,-2.94552659988403,2.63919043540955,-0.816862165927887,0.0197614300996065,3.13424134254456
"DA63092","nonHR",-16.9380683898926,-2.50985908508301,-1.21487152576447,1.74807858467102,4.17661714553833,-0.647258639335632,0.145410180091858,3.04753565788269
"DA63094","nonHR",10.2883710861206,-1.36601185798645,0.451826423406601,0.071352943778038,-2.22107672691345,0.501725494861603,-1.12346649169922,-0.168370693922043
"DA63096","nonHR",-17.0146541595459,-2.42655634880066,-1.4816130399704,1.93623316287994,4.48670625686646,-1.06212759017944,0.0995696559548378,2.42365527153015
"DA63100","nonHR",9.90582275390625,-2.04141545295715,0.76828670501709,0.393521815538406,-1.40281081199646,0.583991408348083,-1.55782830715179,-0.864506900310516
"DA63102","nonHR",9.49271106719971,-1.45826244354248,0.406182557344437,-0.125823244452477,-1.72763991355896,1.03862011432648,-0.946626782417297,-0.901976466178894
"DA63104","nonHR",-16.810525894165,-2.40133166313171,-0.98359876871109,1.93349754810333,4.66347217559814,-0.599813759326935,0.433151602745056,2.26142644882202
"DA63106","HR",5.78625965118408,-0.483555525541306,0.0556788556277752,-0.248378485441208,-1.16900026798248,-0.550129115581512,0.15046252310276,-0.487707406282425
"DA63108","nonHR",-17.204948425293,-2.36547899246216,-1.42983973026276,1.5654479265213,3.94065451622009,-0.988893687725067,0.134466618299484,3.07410407066345
"DA63110","nonHR",10.7107028961182,-2.73917961120605,1.19972217082977,0.490363299846649,-1.05436432361603,0.395681858062744,-2.0127809047699,-1.06959068775177
"DA63112","nonHR",7.77044296264648,-1.21456503868103,0.092479407787323,0.0523856393992901,-1.66153883934021,-0.613258838653564,-0.196325972676277,-0.104812413454056
"DA63118","nonHR",-17.1089420318604,-2.40009117126465,-1.30130803585052,2.01670122146606,4.47477293014526,-0.921499371528625,0.137748748064041,2.50026488304138
"DA63120","nonHR",5.95496702194214,-0.381155699491501,0.0695580020546913,-0.470633268356323,-1.13452005386353,-0.872272849082947,0.0135252205654979,-0.723387241363525
"DA63122","HR",6.26688957214355,-0.445561498403549,0.282040864229202,-0.266528576612473,-1.50238728523254,-0.635056018829346,0.160263910889626,-0.625180125236511
"DA63124","nonHR",10.8012704849243,-2.69325089454651,1.08527064323425,0.0365171320736408,-0.863585412502289,0.0904170423746109,-1.34338355064392,-1.16599595546722
"DA63126","HR",9.10260486602783,-0.927533686161041,0.400105804204941,-0.187294870615005,-1.94192278385162,0.744953274726868,-0.823449611663818,-0.619873046875
"DA63128","nonHR",10.4114503860474,-1.86739504337311,0.603839755058289,0.226437583565712,-1.90870261192322,-0.430248349905014,-0.995645582675934,-0.152191922068596
"DA63130","nonHR",6.5873384475708,-0.839904725551605,0.0673500150442123,-0.0354081690311432,-1.32605087757111,-0.760777831077576,-0.0619948022067547,-0.624075353145599
"DA63134","nonHR",-16.9442596435547,-2.15633940696716,-1.73848056793213,1.91544699668884,4.43596887588501,-1.12713539600372,0.153368309140205,1.95647168159485
"DA63136","nonHR",-16.8764591217041,-2.26689839363098,-1.97047460079193,1.13535523414612,3.75053739547729,-1.09849071502686,0.0318340808153152,2.8453688621521
"DA63138","HR",10.3883228302002,-1.15950071811676,0.307258993387222,-0.0270755551755428,-2.73822999000549,0.155003562569618,-0.887234032154083,0.258530855178833
"DA63140","nonHR",-17.0882320404053,-2.66088509559631,-1.35938918590546,1.29681348800659,4.10163736343384,-0.513748586177826,-0.0180825516581535,2.96821546554565
"DA63142","nonHR",6.05796813964844,-0.433289170265198,0.0558576099574566,-0.432153671979904,-1.34541893005371,-0.920352756977081,0.0567849203944206,-0.588867127895355
"DA63144","HR",-16.7989921569824,-2.00606060028076,-1.86529433727264,1.90323138237,4.30242538452148,-1.22933614253998,0.230035975575447,1.92305052280426
"DA63146","HR",6.01040697097778,-0.637141525745392,-0.0694338977336884,-0.199710503220558,-1.46464967727661,-0.584582448005676,0.251195043325424,-0.0789991170167923
"DA63148","nonHR",9.93500709533691,-1.76900494098663,0.538795292377472,-0.158134460449219,-1.76638340950012,0.0549240484833717,-0.473707497119904,-0.34316486120224
"DA63150","HR",8.79316902160645,-1.52680158615112,0.480547517538071,0.217962726950645,-1.37826561927795,0.619167566299438,-0.810370206832886,-1.07921707630157
"DA63152","nonHR",5.94658803939819,-0.49781933426857,-0.00210497714579105,-0.275192260742188,-1.25447642803192,-0.719763338565826,0.289051443338394,-0.396847009658813
"DA63154","nonHR",-16.9751853942871,-2.2426905632019,-2.04225778579712,1.39020621776581,4.052565574646,-1.06081664562225,-0.0305062681436539,1.97236132621765
"DA63156","nonHR",-10.9834365844727,0.942022085189819,-3.29071736335754,-3.40772271156311,2.73913669586182,-0.86251026391983,-0.372121214866638,3.11459231376648
"DA63158","nonHR",9.65805244445801,-2.02377128601074,0.666596591472626,0.310709923505783,-1.52268016338348,0.0525764338672161,-0.961108922958374,-0.552978456020355
"DA63160","HR",9.18441486358643,-1.62354123592377,0.640892565250397,0.164151102304459,-1.60505568981171,1.16412127017975,-1.24248492717743,-0.862636864185333
"DA63162","nonHR",9.09405422210693,-1.67890846729279,0.424890011548996,-0.0611835196614265,-1.42329812049866,0.883794605731964,-0.811535716056824,-1.08921575546265
"DA63164","HR",-16.1888999938965,-2.24268889427185,-0.981051385402679,1.16843104362488,4.22205924987793,-0.444823294878006,0.703286588191986,2.80578851699829
"DA63166","nonHR",-16.6910152435303,-2.46507596969604,-1.57462322711945,1.681764960289,3.78104090690613,-0.627481818199158,0.257057040929794,2.78647661209106
"DA63168","nonHR",9.0509786605835,-1.60065507888794,0.234505474567413,-0.170818418264389,-1.58903121948242,0.880731225013733,-0.88701057434082,-0.926633179187775
"DA63170","nonHR",10.1544904708862,-2.4119770526886,0.865835845470428,-0.12316619604826,-0.85566657781601,0.274268358945847,-0.916612803936005,-1.22100520133972
"DA63172","nonHR",-11.263277053833,0.64510190486908,-2.95613813400269,-2.13810896873474,2.2776083946228,-0.882443785667419,-0.294339418411255,2.69317102432251
"DA63174","nonHR",10.7015810012817,-2.62730169296265,1.10146677494049,0.417112439870834,-1.18941521644592,0.128475457429886,-1.80195617675781,-0.865321576595306
"DA63176","nonHR",-17.1740913391113,-2.30963182449341,-1.4835193157196,1.86373853683472,4.34967470169067,-0.765176236629486,0.103721894323826,2.1298143863678
"DA63178","nonHR",6.99056959152222,-1.04607355594635,0.181333094835281,-0.127581283450127,-1.1363844871521,-0.415026038885117,-0.343676656484604,-0.602129995822906
"DA63180","HR",-16.5734844207764,-2.29325556755066,-1.36345565319061,1.25161683559418,4.29969263076782,-0.5079106092453,0.331368058919907,2.09676194190979
"DA63182","HR",-0.389197200536728,7.01753616333008,2.42676901817322,-0.0625094771385193,-2.78636169433594,1.17729878425598,3.66327476501465,-2.32416605949402
"DA63184","nonHR",-16.8675422668457,-2.30901384353638,-1.17238223552704,2.24846720695496,4.64606714248657,-0.962854266166687,0.29144024848938,2.27301096916199
"DA63186","HR",11.0771999359131,-0.942241728305817,0.425985366106033,0.386642575263977,-2.62667632102966,0.561522483825684,-1.89112222194672,0.0350280255079269
"DA63188","nonHR",9.25416851043701,-1.42924761772156,0.493785858154297,0.101134993135929,-1.76866865158081,0.948242247104645,-0.8324254155159,-0.720187962055206
"DA63190","nonHR",10.4562835693359,-1.53502082824707,0.498697757720947,-0.020667839795351,-2.32801556587219,-0.0165144000202417,-1.01510071754456,0.0643375143408775
"DA63192","nonHR",9.46387100219727,-1.59872925281525,0.353671997785568,0.256823569536209,-1.69764709472656,0.820238053798676,-1.16399276256561,-0.676200449466705
"DA63194","nonHR",6.55082273483276,-0.609290838241577,0.0347335375845432,-0.440620332956314,-1.50547850131989,-1.07539391517639,0.0107742138206959,-0.385601729154587
"DA63196","nonHR",9.96325969696045,-1.97100579738617,0.579106271266937,-0.043445099145174,-1.67033016681671,-0.128648668527603,-0.606609046459198,-0.361540406942368
"DA63198","nonHR",-16.6437511444092,-2.150230884552,-2.10748505592346,0.808054566383362,3.71368956565857,-0.944893658161163,-0.013569688424468,2.19099903106689
"DA63200","nonHR",-11.0895462036133,1.25297880172729,-3.40170693397522,-3.32039618492126,2.75392031669617,-0.927129507064819,-0.428682088851929,2.79594707489014
"DA63202","HR",-0.799131333827972,6.6572380065918,2.14474105834961,0.206343725323677,-3.13695597648621,0.769035995006561,3.5477557182312,-2.37289595603943
"DA63204","nonHR",10.7062330245972,-2.62035775184631,1.03216671943665,0.159303143620491,-1.06775486469269,0.011437626555562,-1.36602342128754,-0.94232451915741
"DA63210","HR",-0.273373037576675,6.84303855895996,2.6882746219635,-0.0491906516253948,-2.71033477783203,1.11577820777893,3.43981146812439,-2.41676306724548
"DA63214","HR",-6.21788930892944,3.41321277618408,0.498223513364792,0.279648512601852,0.33336478471756,0.706521511077881,2.0119047164917,-1.15375804901123
"DA63216","nonHR",-16.9662437438965,-2.37081742286682,-2.14468288421631,1.02365779876709,3.84765815734863,-0.910563051700592,-0.154849901795387,2.12529993057251
"DA63218","nonHR",6.50363397598267,-0.823099911212921,0.240369990468025,-0.180082902312279,-0.855369329452515,-0.484007507562637,-0.351416885852814,-0.891982614994049
"DA63220","nonHR",9.19498443603516,-1.44996285438538,0.3967265188694,-0.0519016981124878,-1.70265209674835,1.03611588478088,-0.949526309967041,-0.839722335338593
"DA63222","nonHR",9.54734039306641,-1.42678034305573,0.45395815372467,0.0846590399742126,-1.90129292011261,0.815179169178009,-1.00877702236176,-0.632023513317108
"DA63224","nonHR",11.2199993133545,-1.31894493103027,0.517833054065704,0.0366279371082783,-2.4896399974823,0.67534875869751,-1.7772843837738,-0.00364469178020954
"DA63226","nonHR",6.44333457946777,-0.523491501808167,0.0787481740117073,-0.487910717725754,-1.4486643075943,-1.10089576244354,0.00680711725726724,-0.472871392965317
"DA63228","nonHR",10.7267875671387,-2.69483041763306,1.07618653774261,0.494559943675995,-1.08827650547028,0.401047766208649,-1.95721077919006,-1.11734402179718
"DA63230","nonHR",6.10973739624023,-0.683445334434509,-0.0712288692593575,-0.26644042134285,-1.33519947528839,-0.801126480102539,0.166387468576431,0.0129913380369544
"DA63232","nonHR",-17.0886135101318,-2.37974619865417,-1.40395152568817,1.88768887519836,4.51855897903442,-0.858815491199493,0.0884449928998947,2.2335033416748
"DA63234","nonHR",11.1504154205322,-1.2370080947876,0.575997114181519,0.48322805762291,-2.52526187896729,0.176510378718376,-1.83026587963104,0.0157885570079088
"DA63236","nonHR",-16.5180053710938,-2.39227294921875,-1.56934499740601,1.95266211032867,4.6877293586731,-1.119269490242,0.155683040618896,1.54388868808746
"DA63238","nonHR",9.92117118835449,-2.08856534957886,0.556502819061279,0.0993967279791832,-0.751296281814575,-0.207197621464729,-1.0854719877243,-1.44889354705811
"DA63240","nonHR",10.9171743392944,-1.28243041038513,0.259164690971375,0.510847389698029,-2.24538683891296,0.575658440589905,-1.83794391155243,-0.0655709356069565
"DA63242","nonHR",10.0307359695435,-1.42919719219208,0.472722917795181,-0.185640603303909,-1.77467978000641,0.959021270275116,-1.0652928352356,-0.846368551254272
"DA63244","nonHR",-17.0793762207031,-2.25830411911011,-2.0781044960022,1.57009136676788,4.11499691009521,-1.26144468784332,-0.196894392371178,2.23996758460999
"DA63246","nonHR",-16.8434734344482,-2.40603566169739,-2.19477939605713,1.0209002494812,3.75554037094116,-0.943756997585297,-0.00567173911258578,2.33096432685852
"DA63248","nonHR",6.73165988922119,-0.821815073490143,0.0500864088535309,-0.167616367340088,-1.74712610244751,-0.66219699382782,0.144213318824768,0.0292686354368925
"DA63250","nonHR",9.27248287200928,-1.52589547634125,0.386051416397095,-0.0197126939892769,-1.71724486351013,1.00011110305786,-1.07782351970673,-0.846554338932037
"DA63252","HR",-0.391320109367371,7.08150243759155,2.31297564506531,-0.294011414051056,-2.81055068969727,1.94787061214447,3.57143115997314,-2.7743067741394
"DA63254","HR",9.91450214385986,-2.26556944847107,0.860512614250183,0.613702118396759,-0.907048225402832,-0.0346410647034645,-1.81084096431732,-1.33509087562561
"DA63256","nonHR",10.967472076416,-1.2155134677887,0.442785143852234,0.334616005420685,-2.4995391368866,0.635786056518555,-1.69537007808685,0.0426153019070625
"DA63258","nonHR",10.7503175735474,-1.40187120437622,0.518164992332458,0.348170310258865,-2.52436113357544,0.126358687877655,-1.41377127170563,0.268670320510864
"DA63260","nonHR",-11.203803062439,1.28025460243225,-3.26714420318604,-3.34243750572205,2.85990476608276,-0.890555799007416,-0.552585124969482,2.76861834526062
"DA63262","nonHR",7.70608234405518,-0.894051790237427,0.132342323660851,-0.184668228030205,-1.69648873806,-0.566063642501831,-0.217715427279472,-0.125530198216438
"DA63264","HR",6.27714014053345,-0.634292900562286,-0.117761172354221,-0.30097970366478,-1.56943619251251,-0.616557598114014,0.320365339517593,-0.0217902753502131
"DA63266","HR",10.4649047851562,-1.90620100498199,0.733907401561737,-0.130053654313087,-1.73201930522919,-0.160296007990837,-0.515382051467896,-0.349418193101883
"DA63268","nonHR",10.241605758667,-1.40667521953583,0.588653028011322,0.352854907512665,-1.98137927055359,0.685094475746155,-1.48442602157593,-0.507878422737122
"DA63270","nonHR",9.83472537994385,-1.54643213748932,0.401370644569397,0.00302331172861159,-2.02251029014587,0.315542131662369,-0.75572669506073,-0.244085446000099
"DA63272","nonHR",10.3333072662354,-2.39376187324524,1.04908871650696,0.290017038583755,-1.22093570232391,0.78974986076355,-1.76683664321899,-1.03610515594482
"DA63274","nonHR",5.90394639968872,-0.633997082710266,0.136321231722832,-0.180301249027252,-0.88195663690567,-0.52219694852829,-0.151022478938103,-0.745440185070038
"DA63276","nonHR",10.7724800109863,-1.31053030490875,0.402344703674316,0.42296028137207,-2.53579115867615,0.498075872659683,-1.55468785762787,0.203883618116379
"DA63278","nonHR",-16.9018230438232,-2.18214249610901,-1.90866899490356,1.73864638805389,4.23928499221802,-1.1735508441925,0.0252017918974161,1.96048128604889
"DA63282","nonHR",-17.2840175628662,-2.68352842330933,-1.38158166408539,1.5017569065094,4.09712696075439,-0.640462577342987,-0.0970053821802139,2.98418688774109
"DA63284","nonHR",-11.228874206543,1.18242335319519,-3.30603551864624,-2.90860152244568,2.60227084159851,-0.932575702667236,-0.428611516952515,2.5483820438385
"DA63286","nonHR",-17.2048988342285,-2.56635928153992,-1.86125886440277,1.18201446533203,3.98978471755981,-0.941254079341888,-0.205628573894501,2.86899399757385
"DA63288","nonHR",-11.0532150268555,1.18138873577118,-3.45098495483398,-3.2194402217865,2.80528235435486,-1.00385272502899,-0.20010182261467,2.87761998176575
"DA63290","nonHR",10.6040382385254,-1.24421370029449,0.462285369634628,0.329077750444412,-1.94977700710297,0.300278633832932,-1.55303084850311,-0.581063032150269
"DA63292","nonHR",9.03529071807861,-1.64535009860992,0.368253290653229,-0.0757081657648087,-1.46114253997803,0.411534160375595,-0.717880249023438,-0.547290623188019
"DA63294","nonHR",10.7217359542847,-1.45276582241058,0.554836690425873,0.247708961367607,-2.50636696815491,0.0280617009848356,-1.32489514350891,0.253163069486618
"DA63296","nonHR",10.0430574417114,-2.12198543548584,0.722191214561462,0.532717049121857,-0.947325885295868,-0.312777251005173,-1.63883888721466,-1.15917897224426
"DA63300","nonHR",10.2921571731567,-2.40300917625427,0.771145641803741,0.156579777598381,-0.535902321338654,-0.375012189149857,-1.31343913078308,-1.53222346305847
"DA63302","nonHR",-17.0777168273926,-2.29093670845032,-2.24568629264832,1.31929016113281,3.8404598236084,-1.3713743686676,-0.493265092372894,2.71444964408875
"DA63304","nonHR",10.3880081176758,-2.64029359817505,1.04439806938171,-0.0130550740286708,-0.607803106307983,0.301474303007126,-1.2355443239212,-1.44638073444366
"DA63306","nonHR",6.37297344207764,-0.762738347053528,0.0513970553874969,-0.353273034095764,-1.54644870758057,-0.403941839933395,0.358826249837875,-0.104666844010353
"DA63310","nonHR",-16.6430225372314,-2.09265804290771,-2.05313324928284,1.15911340713501,4.11100959777832,-1.02930545806885,-0.103347435593605,1.84070992469788
"DA63312","nonHR",10.4365549087524,-2.10805535316467,0.861485779285431,0.598152935504913,-1.35694575309753,0.0274795051664114,-1.87388002872467,-0.816238582134247
"DA63314","nonHR",10.656023979187,-2.79203653335571,1.33741283416748,0.484493672847748,-0.807181060314178,0.334595084190369,-2.19863867759705,-1.22831773757935
"DA63316","nonHR",10.7475605010986,-2.48897647857666,1.32565677165985,0.392788589000702,-1.07337522506714,0.241162046790123,-1.99013793468475,-0.996661007404327
"DA63318","nonHR",10.8075485229492,-1.22243773937225,0.402983158826828,0.242316484451294,-2.84677290916443,-0.00179282750468701,-1.06842887401581,0.437829196453094
"DA63320","nonHR",-16.2350387573242,-2.41116571426392,-1.11687386035919,1.703693151474,4.70254230499268,-0.743770599365234,0.524225056171417,1.69471895694733
"DA63322","HR",-10.9476919174194,1.05677390098572,-3.41637277603149,-3.17629456520081,2.44310808181763,-1.01978981494904,-0.386916369199753,2.76711392402649
"DA63324","nonHR",10.6436262130737,-1.12682342529297,0.407821238040924,0.483279705047607,-2.30824303627014,0.413490891456604,-1.61037003993988,-0.189819440245628
"DA63326","nonHR",-16.4119281768799,-2.33363652229309,-1.51710712909698,2.01268458366394,4.81312608718872,-1.13897275924683,0.268839776515961,1.5612884759903
"DA63328","nonHR",-10.8562574386597,1.05040299892426,-3.31670832633972,-2.88168239593506,2.72712922096252,-0.731405377388,-0.0622305683791637,2.94322514533997
"DA63330","HR",-10.6644992828369,1.34945750236511,-3.11600232124329,-3.05516219139099,2.84508609771729,-0.671521127223969,-0.173892393708229,2.89930391311646
"DA63332","nonHR",-16.1346225738525,-2.43743896484375,-1.33202934265137,1.91138660907745,4.87272644042969,-0.956650793552399,0.322471797466278,1.27439093589783
"DA63334","HR",-11.0103807449341,0.588299572467804,-2.88561987876892,-2.32467293739319,2.42093920707703,-0.688904225826263,-0.113587535917759,2.94543242454529
"DA63336","nonHR",6.46198177337646,-0.538877248764038,0.0411245785653591,-0.47870197892189,-1.45017409324646,-1.09501659870148,-0.0365502275526524,-0.507048547267914
"DA63338","nonHR",10.1419515609741,-2.06186008453369,0.649309575557709,-0.184455782175064,-1.57225656509399,-0.0401450768113136,-0.538405001163483,-0.471186250448227
"DA63340","nonHR",10.0257616043091,-1.97099268436432,0.489079684019089,0.100057542324066,-0.997320652008057,-0.0886932164430618,-1.06545317173004,-1.22736513614655
"DA63342","HR",-17.1638298034668,-2.50588250160217,-1.75706398487091,1.18044984340668,3.81780695915222,-0.869470298290253,-0.068535216152668,3.01509213447571
"DA63344","nonHR",-17.0264015197754,-2.36547470092773,-2.17446565628052,1.25345289707184,3.53634023666382,-1.12295866012573,0.0890888348221779,2.28604388237
"DA63346","HR",-10.7656898498535,0.710507035255432,-3.09582424163818,-3.10782861709595,2.56087327003479,-0.724521636962891,-0.164118558168411,3.18402504920959
"DA63348","nonHR",10.9983720779419,-1.25442349910736,0.41407173871994,0.38343819975853,-2.51557469367981,0.443351566791534,-1.81195187568665,0.0861004590988159
"DA63350","HR",-0.560151159763336,6.83236408233643,2.65111184120178,0.00960664823651314,-2.46047329902649,1.04781377315521,3.23527860641479,-2.4126558303833
"DA63352","nonHR",6.40514039993286,-0.638053297996521,0.00417212676256895,-0.574528157711029,-1.53952324390411,-0.722571432590485,0.263582199811935,-0.126833066344261
"DA63354","nonHR",5.92386388778687,-0.673290908336639,-0.0230230558663607,-0.169185236096382,-1.09269452095032,-0.566529154777527,0.0483885146677494,-0.307258099317551
"DA63356","nonHR",10.1148433685303,-1.56812167167664,0.48253533244133,0.0299214757978916,-2.13449239730835,0.0692970901727676,-0.644944906234741,-0.104220129549503
"DA63358","nonHR",11.2061624526978,-1.0678334236145,0.514540791511536,0.245400920510292,-2.62902665138245,0.529635429382324,-1.76744532585144,-0.0867153778672218
"DA63360","HR",-0.571025967597961,7.00572061538696,2.41788411140442,-0.00467917136847973,-2.78525710105896,1.16721987724304,3.63436603546143,-2.38820242881775
"DA63362","HR",6.81501960754395,-0.500951528549194,0.0220565032213926,-0.411925345659256,-1.84061682224274,-0.773741662502289,0.190921798348427,-0.00241758348420262
"DA63364","nonHR",-16.8541450500488,-2.13501238822937,-1.52424800395966,2.1244785785675,4.48052978515625,-1.04655206203461,0.321296572685242,2.21187806129456
"DA63366","HR",-0.0401720441877842,7.09619379043579,2.78633165359497,-0.295704334974289,-3.05835342407227,1.39935994148254,3.49921464920044,-2.73508858680725
"DA63368","nonHR",6.32576894760132,-0.99050372838974,-0.210563108325005,-0.0178475510329008,-1.3325560092926,-0.535708844661713,0.176496654748917,0.0586166977882385
"DA63370","nonHR",-10.8669462203979,1.25415003299713,-2.94056558609009,-3.30145072937012,3.02017831802368,-0.384810358285904,-0.220029607415199,2.69215774536133
"DA63372","nonHR",-10.9509811401367,0.855127453804016,-3.23357081413269,-3.35160207748413,2.72929620742798,-0.79705411195755,-0.356021851301193,3.12872576713562
"DA63374","nonHR",6.07242012023926,-0.435488492250443,0.144302919507027,-0.396893620491028,-1.09111285209656,-0.761948108673096,0.0880131050944328,-0.627116501331329
"DA63376","nonHR",-17.1049499511719,-2.33825278282166,-2.08504486083984,1.11720848083496,3.7163462638855,-1.0834653377533,0.010087258182466,2.76861953735352
"DA63378","nonHR",9.25650691986084,-1.74401807785034,0.494688421487808,0.225976303219795,-1.29188990592957,0.409500151872635,-0.967799544334412,-1.08650922775269
"DA63380","nonHR",10.5648384094238,-1.15967869758606,0.377737641334534,0.296360909938812,-2.27611660957336,0.65494692325592,-1.43534398078918,-0.268143743276596
"DA63382","HR",7.49578762054443,-0.868353605270386,0.55507504940033,-0.00680068833753467,-1.40273499488831,-0.519302546977997,-0.492399334907532,-0.486265599727631
"DA63384","nonHR",-16.9623432159424,-2.40582799911499,-2.12901091575623,1.10038304328918,3.69078683853149,-1.026047706604,0.010018004104495,2.51567244529724
"DA63568","nonHR",-17.1471099853516,-2.29095363616943,-2.2113356590271,1.12254297733307,3.82545113563538,-1.09331977367401,-0.292601674795151,2.64430570602417
"DA63570","nonHR",9.75267219543457,-2.12112021446228,0.642309963703156,0.180545449256897,-0.75875324010849,0.100148051977158,-1.23454177379608,-1.47033989429474
"DA63572","nonHR",-10.829930305481,0.860189497470856,-3.0948793888092,-3.25618648529053,2.79568481445312,-0.613812267780304,-0.0705596655607224,3.0434455871582
"DA63574","nonHR",10.2410449981689,-2.90242338180542,1.45545065402985,0.514805197715759,-0.659194946289062,0.461334019899368,-2.24110627174377,-1.25427269935608
"DA63576","nonHR",-17.0070190429688,-2.39941072463989,-1.97558724880219,1.16719830036163,3.72921848297119,-1.12129127979279,0.0658386498689651,2.83355498313904
"DA63578","nonHR",-16.7162761688232,-2.60734081268311,-1.02929043769836,1.5036598443985,4.27137231826782,-0.427491903305054,0.334501951932907,2.66023707389832
"DA63580","nonHR",10.8882131576538,-1.79222881793976,0.563087046146393,0.60090583562851,-1.5317610502243,-0.878589749336243,-1.60060334205627,-0.601920664310455
"DA63582","nonHR",11.2044153213501,-1.12130284309387,0.583544015884399,0.329011708498001,-2.64690208435059,0.430294960737228,-1.74565720558167,0.0432689413428307
"DA63584","nonHR",-16.7507266998291,-2.52105069160461,-1.08850514888763,1.42829310894012,4.19155883789062,-0.523852646350861,0.392943561077118,2.99093651771545
"DA63586","nonHR",-16.9971694946289,-2.23323893547058,-1.55563998222351,2.0239417552948,4.49016809463501,-1.07772076129913,0.114085890352726,2.26533341407776
"DA63588","nonHR",9.88879776000977,-2.65001463890076,1.29600834846497,0.257939785718918,-0.689866840839386,0.531710207462311,-1.75175130367279,-1.26080513000488
"DA63590","nonHR",-17.149600982666,-2.49316501617432,-1.27334141731262,1.68896675109863,4.02717351913452,-0.890375375747681,0.217272445559502,3.2496976852417
"DA63592","nonHR",-17.023551940918,-2.33770084381104,-2.17089176177979,1.01417028903961,3.77035975456238,-0.996746242046356,-0.110355317592621,2.57550740242004
"DA63594","HR",-1.09421467781067,6.85899305343628,2.41661024093628,-0.0945082232356071,-2.1596097946167,1.29747939109802,3.00991654396057,-2.57056403160095
"DA63596","nonHR",5.88687944412231,-0.432103961706161,0.0195377860218287,-0.472095429897308,-1.11668539047241,-0.819981575012207,-0.00702101038768888,-0.712720572948456
"DA63598","nonHR",-11.0231237411499,1.00082635879517,-3.37295746803284,-3.40833830833435,2.65574288368225,-0.935074627399445,-0.416129738092422,3.04003953933716
"DA63600","nonHR",-16.8043899536133,-2.35832405090332,-1.97705352306366,1.19792938232422,3.63083553314209,-0.937799215316772,0.283978372812271,2.35286116600037
"DA63602","nonHR",-10.9796800613403,0.992363750934601,-2.77350687980652,-3.36386513710022,2.93271684646606,-0.362917631864548,-0.215599864721298,2.91735935211182
"DA63606","nonHR",-17.1069946289062,-2.70160865783691,-1.48458731174469,1.23371267318726,4.08304214477539,-0.571668446063995,-0.0633402839303017,2.89092135429382
"DA63608","HR",-0.86404824256897,7.02819013595581,2.37190437316895,-0.237349390983582,-2.38914346694946,1.96652865409851,3.18127036094666,-2.90193152427673
"DA63610","nonHR",9.10842323303223,-1.45127308368683,0.330368429422379,-0.0804878622293472,-1.68584096431732,0.97218132019043,-0.871762275695801,-0.883985280990601
"DA63612","nonHR",10.2187824249268,-2.47275304794312,0.885048031806946,0.269863694906235,-0.553147494792938,-0.17952960729599,-1.51665091514587,-1.52589976787567
"DA63614","nonHR",11.0267629623413,-1.64387965202332,0.614989638328552,0.591751992702484,-1.93935656547546,-0.266777604818344,-1.87673079967499,-0.357447683811188
"DA63616","nonHR",-17.0407447814941,-2.30792498588562,-1.35337328910828,2.10635471343994,4.49119853973389,-1.0383266210556,0.192197263240814,2.46985077857971
"DA63618","nonHR",-3.86571645736694,0.789062857627869,0.253475040197372,0.633994519710541,0.569056391716003,-0.0783588588237762,0.966602504253387,-0.336141973733902
"DA63620","nonHR",11.0587329864502,-1.11422109603882,0.33702477812767,0.384256273508072,-2.4563729763031,0.706591129302979,-1.82387042045593,-0.0651417076587677
"DA63622","nonHR",11.0589876174927,-1.49373209476471,0.59590095281601,0.650879919528961,-2.01119923591614,-0.242949739098549,-1.88750195503235,-0.317718923091888
"DA63624","nonHR",10.3817262649536,-2.77044582366943,1.44559061527252,0.391070693731308,-0.788616240024567,0.343192458152771,-2.17746591567993,-1.21391797065735
"DA63626","nonHR",10.9064168930054,-1.58413600921631,0.52906745672226,0.688622117042542,-1.57137811183929,-0.589895248413086,-1.85212278366089,-0.731569170951843
"DA63628","nonHR",-16.9184036254883,-2.57223534584045,-1.55437707901001,1.62717163562775,3.95860767364502,-0.729172587394714,0.13051201403141,3.17102646827698
"DA63630","nonHR",6.04224252700806,-0.590879261493683,0.104935899376869,-0.214613780379295,-1.06786370277405,-0.543980896472931,0.166884496808052,-0.377784609794617
"DA63632","nonHR",10.8370666503906,-2.82320523262024,1.20458388328552,0.428244173526764,-0.876263558864594,0.227569326758385,-1.87783539295197,-1.13541877269745
"DA63634","nonHR",7.37062406539917,-1.12835955619812,0.227605164051056,-0.125725880265236,-1.23326885700226,-0.320655792951584,-0.452765941619873,-0.631744384765625
"DA63636","nonHR",10.8098459243774,-1.16013276576996,0.446937650442123,0.116924412548542,-2.21592998504639,0.425846070051193,-1.42022132873535,-0.305239349603653
"DA63638","nonHR",-10.8773412704468,0.765898287296295,-3.08112835884094,-2.99847102165222,2.76642441749573,-0.608948767185211,-0.150696560740471,3.15194749832153
"DA63640","nonHR",10.833291053772,-2.51569485664368,0.8023681640625,-0.0292341709136963,-0.696906864643097,-0.396190166473389,-1.13307464122772,-1.31213521957397
"DA63642","nonHR",10.7124643325806,-2.63412189483643,1.30346190929413,0.468547165393829,-0.874318957328796,0.271779954433441,-1.53845047950745,-1.07055974006653
"DA63644","nonHR",10.9274663925171,-2.4175546169281,0.874993503093719,-0.075103223323822,-0.939939916133881,-0.226388201117516,-1.16164541244507,-1.11121606826782
"DA63646","nonHR",10.1481590270996,-1.95015358924866,0.675336956977844,0.544313907623291,-1.25700116157532,-0.108936786651611,-1.59430873394012,-0.942462742328644
"DA63648","nonHR",-17.2190799713135,-2.37375402450562,-2.04688763618469,1.46812546253204,4.02894401550293,-1.1672670841217,-0.321811974048615,2.60977578163147
"DA63650","nonHR",-10.9903554916382,1.43144989013672,-3.0877902507782,-3.31868934631348,3.07159614562988,-0.587740838527679,-0.368691444396973,2.66132879257202
"DA63652","nonHR",6.77505254745483,-0.920164167881012,0.193212047219276,-0.190342411398888,-1.04441833496094,-0.508356392383575,-0.330037325620651,-0.733523845672607
"DA63654","nonHR",7.92349433898926,-1.00439774990082,0.239015445113182,-0.130354702472687,-1.66207218170166,-0.474794179201126,-0.363405168056488,-0.220914095640182
"DA63656","HR",-16.4776878356934,-2.26209282875061,-1.11074936389923,1.64061176776886,4.53363418579102,-0.542881548404694,0.750173330307007,2.61844563484192
"DA63658","nonHR",9.88869571685791,-1.71174216270447,0.52354496717453,0.210141286253929,-1.84158098697662,-0.297062784433365,-0.735902965068817,-0.242069765925407
"DA63660","HR",10.9337644577026,-1.54203569889069,0.502506613731384,0.645802080631256,-1.77787137031555,-0.615790128707886,-1.74776148796082,-0.485029011964798
"DA63662","nonHR",10.9973344802856,-1.13217771053314,0.391446262598038,0.413077771663666,-2.53484082221985,0.536569356918335,-1.7454206943512,0.0375099331140518
"DA63664","nonHR",-10.9720878601074,1.39579856395721,-3.09207844734192,-3.34779787063599,3.2199490070343,-0.571998238563538,-0.316017985343933,2.90278029441833
"DA63666","nonHR",-11.0507249832153,0.623417019844055,-2.82010579109192,-2.36784744262695,2.4616231918335,-0.586005985736847,-0.217883378267288,2.8491473197937
"DA63668","nonHR",10.725531578064,-2.59567022323608,1.34720289707184,0.385592192411423,-1.02289402484894,0.50179648399353,-1.99978446960449,-1.03073680400848
"DA63670","nonHR",-10.9407386779785,0.997628688812256,-3.35153722763062,-3.34324979782104,2.75659918785095,-0.887755036354065,-0.31477677822113,3.09118747711182
"DA63672","HR",3.31382656097412,2.63904213905334,1.10018503665924,-0.156516656279564,-1.91754496097565,0.227008312940598,1.50696206092834,-1.27591454982758
"DA63674","nonHR",6.0316276550293,-0.414501011371613,0.223071157932281,-0.340660959482193,-0.981311500072479,-0.639541208744049,0.0982145220041275,-0.597984492778778
"DA63678","nonHR",-17.0745334625244,-2.49904441833496,-1.54568004608154,1.57399463653564,4.01579093933105,-0.840875267982483,0.0606353990733624,3.1895444393158
"DA63680","nonHR",6.93428134918213,-0.704035937786102,0.0283436868339777,-0.304033190011978,-1.71729052066803,-0.828133344650269,0.15244796872139,0.0996204316616058
"DA63682","nonHR",9.12089252471924,-1.55916702747345,0.306304693222046,-0.0258156899362803,-1.5370272397995,0.902706146240234,-0.826814472675323,-0.864444971084595
"DA63684","nonHR",10.0821304321289,-1.85901367664337,0.607510328292847,-0.0511808358132839,-1.81311881542206,-0.0776448994874954,-0.607823073863983,-0.270925372838974
"DA63686","nonHR",10.6807060241699,-2.86643815040588,1.19178032875061,0.459879249334335,-0.875829756259918,0.387694597244263,-2.05995106697083,-1.23333704471588
"DA63688","HR",-0.472221314907074,7.15163946151733,2.41881394386292,-0.414495527744293,-2.74562788009644,2.04199409484863,3.46882390975952,-2.94514465332031
"DA63690","HR",9.17277812957764,-1.86971151828766,0.61003965139389,0.453227698802948,-1.27132093906403,0.401003867387772,-1.09783041477203,-0.947246193885803
"DA63692","nonHR",10.6907262802124,-2.93644571304321,1.21193552017212,0.529709100723267,-0.809944868087769,0.569817364215851,-2.02674293518066,-1.22005033493042
"DA63694","HR",10.7777109146118,-1.12340939044952,0.354154944419861,0.22494338452816,-2.90130138397217,0.171401396393776,-1.08329427242279,0.430805236101151
"DA63696","nonHR",10.0480403900146,-1.70329117774963,0.540697455406189,0.0685088112950325,-2.00884008407593,-0.101874478161335,-0.63189285993576,-0.12550276517868
"DA63698","nonHR",6.92411279678345,-1.08172750473022,0.120485819876194,-0.108669862151146,-1.07508230209351,-0.433731436729431,-0.412195175886154,-0.69753110408783
"DA63700","nonHR",-16.7553234100342,-2.4989173412323,-0.889348685741425,1.72095048427582,4.34400463104248,-0.641853272914886,0.519721627235413,2.86976718902588
"DA63702","nonHR",10.7992877960205,-1.11462390422821,0.429185926914215,0.412606179714203,-2.47415041923523,0.440824031829834,-1.65215194225311,-0.0616750791668892
"DA63704","nonHR",-10.9230499267578,0.910707414150238,-3.126300573349,-2.89036893844604,2.72832560539246,-0.622469663619995,-0.129355430603027,2.9719762802124
"DA63706","HR",10.5485591888428,-1.24785315990448,0.57737272977829,0.38229700922966,-1.94194507598877,0.133722364902496,-1.14021849632263,-0.41952258348465
"DA63710","nonHR",11.2345151901245,-1.16070210933685,0.543733716011047,0.459484547376633,-2.53610706329346,0.45234140753746,-1.8666809797287,0.0290553569793701
"DA63714","nonHR",10.7092237472534,-1.26034796237946,0.349943697452545,0.166039630770683,-2.82683110237122,0.0171357281506062,-0.901933908462524,0.412384629249573
"DA63716","nonHR",11.0734071731567,-1.60284769535065,0.654343128204346,0.710877358913422,-1.91397190093994,-0.260574698448181,-1.99795985221863,-0.390999615192413
"DA63718","nonHR",10.7729053497314,-1.56863105297089,0.649632513523102,0.789839625358582,-1.65885102748871,-0.536557078361511,-1.83112955093384,-0.597333133220673
"DA63720","nonHR",-10.9697999954224,1.24385631084442,-2.95587515830994,-3.07769846916199,3.18243455886841,-0.446920573711395,-0.142066270112991,2.8138062953949
"DA63722","nonHR",10.7413501739502,-2.56405448913574,0.919351994991302,0.0133068291470408,-0.700732707977295,-0.257138073444366,-1.2173889875412,-1.30825793743134
"DA63724","nonHR",9.14836502075195,-1.63591766357422,0.400219857692719,-0.0547045804560184,-1.59308218955994,0.659902215003967,-0.619312584400177,-0.80201929807663
"DA63728","nonHR",10.7072019577026,-2.44992923736572,0.879685759544373,-0.0637834370136261,-0.716155588626862,-0.249582827091217,-1.15607059001923,-1.31713569164276
"DA63730","nonHR",10.3102703094482,-1.2208366394043,0.345646053552628,0.104362338781357,-2.46900582313538,0.201953053474426,-0.758107781410217,0.0566928423941135
"DA63732","nonHR",-16.3934574127197,-2.39684247970581,-1.54673278331757,2.04368019104004,4.73882436752319,-1.20227587223053,0.19866169989109,1.52641153335571
"DA63734","nonHR",9.49504566192627,-1.61957573890686,0.667549312114716,-0.131685093045235,-1.84401369094849,1.04909133911133,-0.799910128116608,-0.83749133348465
"DA63736","nonHR",-16.8930568695068,-2.20429611206055,-1.87025022506714,1.71100449562073,4.35648775100708,-1.22171974182129,0.151266247034073,1.90163576602936
"DA63738","nonHR",-16.8426342010498,-2.55594086647034,-1.4326548576355,1.41388118267059,3.73545694351196,-0.514956414699554,0.109792105853558,2.79197883605957
"DA63740","nonHR",-16.6868591308594,-2.40067720413208,-1.3256539106369,1.3692729473114,4.13441038131714,-0.789831340312958,0.485211551189423,3.109938621521
"DA63742","nonHR",-16.9048366546631,-2.42960810661316,-1.89509606361389,0.960721909999847,3.89155769348145,-0.72183758020401,-0.0921519920229912,2.28896880149841
"DA63746","nonHR",10.1786069869995,-1.24132180213928,0.460817486047745,0.262037396430969,-2.10677433013916,0.613106548786163,-1.34169256687164,-0.438992112874985
"DA63748","nonHR",9.96310424804688,-2.22237920761108,0.771435439586639,0.226338341832161,-1.01406824588776,0.492970019578934,-1.40993440151215,-1.22968649864197
"DA63750","nonHR",-10.8147535324097,1.10652196407318,-3.22702050209045,-2.91771697998047,2.91003370285034,-0.6003378033638,-0.146352499723434,2.97527432441711
"DA63752","HR",-16.5693397521973,-2.19583368301392,-1.41170299053192,1.33509802818298,4.24882411956787,-0.52653568983078,0.394581615924835,2.03315901756287
"DA63756","nonHR",-16.9398555755615,-2.28778958320618,-2.16307353973389,1.20200049877167,3.56842875480652,-1.01768004894257,0.156220376491547,2.17501735687256
"DA63758","nonHR",10.5764856338501,-1.14974367618561,0.501103818416595,0.450913697481155,-2.26975393295288,0.54341459274292,-1.70766496658325,-0.320219069719315
"DA63760","nonHR",9.45982360839844,-1.70072317123413,0.547748565673828,-0.13384884595871,-1.27009844779968,0.971085071563721,-1.12091660499573,-1.16151857376099
"DA63762","nonHR",10.9123668670654,-1.61588287353516,0.600235223770142,0.597092151641846,-1.49496114253998,-0.697297632694244,-1.7932186126709,-0.760735154151917
"DA63764","nonHR",-17.0134391784668,-2.67598533630371,-1.4510577917099,1.17780864238739,4.09901905059814,-0.496451556682587,0.0203149784356356,2.79938316345215
"DA63770","nonHR",10.1824626922607,-2.49381828308105,0.881959915161133,0.189829409122467,-0.514668643474579,-0.1336620002985,-1.40834140777588,-1.55911040306091
"DA63772","HR",-17.0802631378174,-2.4332103729248,-1.73945820331573,1.11441779136658,3.71498870849609,-0.76229989528656,-0.107801206409931,2.90511131286621
"DA63774","nonHR",-16.6916351318359,-2.34217119216919,-1.70798766613007,1.1371865272522,3.7964825630188,-0.71887195110321,0.20119796693325,2.40018796920776
"DA63776","HR",-0.346687823534012,7.18163442611694,2.50450038909912,-0.390875369310379,-2.85758566856384,1.91104376316071,3.47849774360657,-2.95901727676392
"DA63778","nonHR",10.3342151641846,-2.30388689041138,0.694312691688538,0.201673448085785,-0.605944931507111,-0.590057492256165,-1.26164638996124,-1.41031181812286
"DA63780","HR",-11.1109285354614,0.949365496635437,-3.31637215614319,-2.68472290039062,2.18230390548706,-1.14796686172485,-0.402428328990936,2.62183713912964
"DA63782","nonHR",11.0641899108887,-1.24190080165863,0.517829775810242,0.34592142701149,-2.48545718193054,0.486219525337219,-1.74893319606781,-0.00300090154632926
"DA63784","HR",-1.02337753772736,6.80065631866455,2.14092373847961,0.138151213526726,-2.94643616676331,0.902442455291748,3.47650623321533,-2.42781639099121
"DA63786","nonHR",10.073169708252,-2.31793928146362,0.980486690998077,0.00363738695159554,-0.949003636837006,0.79359245300293,-1.3077986240387,-1.27875375747681
"DA63790","HR",6.40993690490723,-0.678967893123627,-0.0316338241100311,-0.330364167690277,-1.68547987937927,-0.673585534095764,0.298663020133972,0.0652586743235588
"DA63792","nonHR",-16.8697605133057,-2.25644135475159,-1.86225664615631,1.61178874969482,4.20325899124146,-1.04295694828033,0.211348131299019,1.91483628749847
"DA63796","nonHR",10.8765697479248,-1.48085951805115,0.546396493911743,0.699584007263184,-1.80875861644745,-0.555066525936127,-1.67857646942139,-0.436437338590622
"DA63798","nonHR",-11.1079597473145,0.840336918830872,-2.85677027702332,-3.26423501968384,2.93294048309326,-0.517396092414856,-0.371444761753082,3.07443785667419
"DA63800","nonHR",-11.3151140213013,1.36657047271729,-3.03722476959229,-3.20840954780579,3.0858416557312,-0.693666219711304,-0.626931250095367,2.63648653030396
"DA63802","nonHR",10.3748607635498,-1.89418542385101,0.608402013778687,0.539792954921722,-1.22287154197693,-0.63166469335556,-1.53868246078491,-0.899450242519379
"DA63804","nonHR",10.6423568725586,-1.72577250003815,0.605346083641052,0.317527115345001,-2.12061595916748,-0.332436412572861,-1.24858164787292,-0.0396344177424908
"DA63806","nonHR",10.3761405944824,-2.44653582572937,0.815209150314331,0.0632451474666595,-0.544124603271484,-0.524618446826935,-1.13688790798187,-1.41727101802826
"DA63808","nonHR",10.1132125854492,-1.24824595451355,0.653458595275879,0.0153127834200859,-1.89222300052643,0.958234250545502,-1.25010883808136,-0.705228984355927
"DA63810","nonHR",-10.9299802780151,0.867485761642456,-3.27558064460754,-3.43446493148804,2.73454904556274,-0.769751906394958,-0.374364465475082,3.08298587799072
"DA63812","nonHR",-11.1166973114014,0.747245848178864,-2.90756034851074,-2.35306096076965,2.55443429946899,-0.639911949634552,-0.196555748581886,2.82072830200195
"DA63814","HR",-16.1822719573975,-2.03481268882751,-0.880956292152405,1.59457468986511,4.20365810394287,-0.571731746196747,0.64023619890213,2.59155464172363
"DA63818","nonHR",10.8195066452026,-2.54627680778503,0.93388968706131,-0.0785421952605247,-0.74134236574173,-0.244572073221207,-1.14561903476715,-1.2581205368042
"DA63820","nonHR",10.6020555496216,-2.7322108745575,1.33323776721954,0.293921053409576,-0.928517162799835,0.232413202524185,-2.09555768966675,-1.3197408914566
"DA63822","nonHR",-11.3451805114746,0.882324934005737,-3.19363307952881,-2.67152404785156,2.42537188529968,-0.984753787517548,-0.450414299964905,2.59494352340698
"DA63824","nonHR",9.74245452880859,-1.86454558372498,0.754404366016388,-0.0141114750877023,-1.43266463279724,0.970263659954071,-1.11807084083557,-1.00073039531708
"DA63826","HR",5.97232151031494,-0.408377289772034,0.0849911868572235,-0.435848623514175,-1.15690898895264,-0.800719082355499,0.0638481006026268,-0.646160125732422
"DA63828","HR",7.57106637954712,-0.795796751976013,0.285614401102066,-0.0709352269768715,-1.7339118719101,-0.427793860435486,-0.204765826463699,-0.191066667437553
"DA63830","nonHR",-11.2129926681519,1.07114744186401,-2.68134045600891,-3.30728149414062,3.09204912185669,-0.306115806102753,-0.389889061450958,2.76951289176941
"DA63832","nonHR",10.2484931945801,-1.35838043689728,0.531090497970581,-0.113031767308712,-1.86659443378448,0.942506551742554,-1.19823694229126,-0.753965139389038
"DA63834","nonHR",-11.3648996353149,-0.371507197618484,-0.91476958990097,0.598812282085419,2.76743245124817,-0.387938559055328,0.638690769672394,1.33194994926453
"DA63836","nonHR",10.9801988601685,-1.53607857227325,0.592916905879974,0.443304151296616,-2.15581464767456,0.602092564105988,-1.88682770729065,-0.209290161728859
"DA63838","nonHR",10.2269496917725,-2.2842812538147,0.986130058765411,0.318409830331802,-1.26670205593109,0.645617306232452,-1.72832357883453,-0.989129364490509
"DA63840","nonHR",-16.6204071044922,-2.20926761627197,-0.965447127819061,1.88733446598053,4.69868993759155,-0.794255554676056,0.535782337188721,2.36636853218079
"DA63842","HR",6.14976835250854,-0.354758054018021,0.190901175141335,-0.425514131784439,-1.32973957061768,-0.881969928741455,0.107930943369865,-0.58862429857254
"DA63844","nonHR",-17.3209705352783,-2.48680281639099,-1.93517279624939,1.38678598403931,3.81840038299561,-1.05849051475525,-0.133765056729317,2.83843564987183
"DA63846","nonHR",9.30020236968994,-1.63090634346008,0.351454883813858,0.0429674722254276,-1.72833180427551,0.594498991966248,-0.700168490409851,-0.566986560821533
"DA63848","nonHR",-11.1083860397339,1.05714070796967,-3.4162540435791,-3.000652551651,2.45886301994324,-1.03965055942535,-0.409133493900299,2.64359259605408
"DA63852","nonHR",-16.6993465423584,-2.35895276069641,-1.01129567623138,1.92472887039185,4.59316492080688,-0.71045583486557,0.573932409286499,2.39656400680542
"DA63854","nonHR",10.8104228973389,-2.49310231208801,0.833620965480804,0.0274989567697048,-0.714344561100006,-0.340585768222809,-1.23483288288116,-1.31265389919281
"DA63856","nonHR",-17.2256698608398,-2.46499562263489,-2.13370680809021,1.16877615451813,3.66248941421509,-1.06146883964539,-0.0984939113259315,2.66462898254395
"DA63858","nonHR",-11.0638570785522,0.73905086517334,-2.94532084465027,-3.30584335327148,2.75056171417236,-0.635219931602478,-0.380121141672134,3.09374308586121
"DA63860","nonHR",-11.2377519607544,0.741171538829803,-2.73060894012451,-2.65843820571899,2.64716625213623,-0.574567794799805,-0.329386830329895,2.78686118125916
"DA63862","HR",6.05973386764526,-0.281944841146469,0.186607196927071,-0.338103175163269,-1.36340844631195,-0.658574223518372,0.134398862719536,-0.623410046100616
"DA63864","nonHR",-11.0867042541504,1.03270518779755,-3.35980463027954,-2.7904679775238,2.42735433578491,-0.992268681526184,-0.293415755033493,2.59712815284729
"DA63866","nonHR",-16.9798030853271,-2.2483172416687,-2.23129320144653,1.04905533790588,3.6675169467926,-1.02450323104858,-0.1191446185112,2.31578016281128
"DA63868","nonHR",-10.9580230712891,0.808010101318359,-3.05420470237732,-3.42988896369934,2.62679672241211,-0.69617885351181,-0.186982944607735,3.1461718082428
"DA63870","HR",-16.4277667999268,-2.26902937889099,-0.934961318969727,1.5196441411972,4.2960205078125,-0.632323086261749,0.685196816921234,2.93136548995972
"DA63872","nonHR",-11.0830564498901,0.609691381454468,-2.95348691940308,-2.38314938545227,2.43341302871704,-0.744104385375977,-0.184065118432045,2.94135975837708
"DA63874","nonHR",9.58375644683838,-1.77304697036743,0.410885661840439,-0.0460492447018623,-1.24857866764069,0.564483404159546,-0.769813001155853,-0.999190509319305
"DA63876","nonHR",10.4620676040649,-1.18337738513947,0.418935984373093,0.133435547351837,-2.21483874320984,0.529803276062012,-1.24277675151825,-0.322916358709335
"DA63878","nonHR",-10.9298601150513,1.33120477199554,-3.0007631778717,-3.25834107398987,3.02311110496521,-0.346094757318497,-0.249582558870316,2.63270020484924
"DA63880","nonHR",10.4861183166504,-1.19064462184906,0.379661083221436,0.128033965826035,-2.64950489997864,0.104005329310894,-0.883765339851379,0.223009556531906
"DA63882","nonHR",6.50917482376099,-0.622409641742706,0.0100786052644253,-0.431930512189865,-1.67479300498962,-0.960790395736694,0.165046229958534,-0.114327125251293
"DA63884","HR",-0.36342853307724,6.86724376678467,2.72384166717529,-0.0378484949469566,-2.71903109550476,1.10901749134064,3.43001842498779,-2.48905324935913
"DA63886","nonHR",9.92131423950195,-1.33251285552979,0.50501936674118,-0.0559500083327293,-1.79814517498016,1.04151844978333,-1.12021851539612,-0.828026831150055
"DA63888","HR",-11.0048961639404,0.668953597545624,-2.74665546417236,-2.65047645568848,2.53625059127808,-0.574979722499847,-0.171865612268448,2.92197275161743
"DA63890","HR",-0.0651335269212723,7.09521627426147,2.66767907142639,-0.255847960710526,-3.03066062927246,1.94917106628418,3.5931191444397,-2.75204181671143
"DA63892","nonHR",10.5054025650024,-1.33065485954285,0.394375115633011,0.387457072734833,-1.65755319595337,-0.442645162343979,-1.45429313182831,-0.692120909690857
"DA63894","nonHR",11.0651969909668,-1.08746337890625,0.332351475954056,0.458970129489899,-2.49768280982971,0.578800201416016,-1.79438447952271,0.0668273940682411
"DA63896","HR",-1.80954813957214,7.06746053695679,1.72920978069305,-0.420421481132507,-1.76914584636688,1.95645320415497,3.17977523803711,-2.96442079544067
"DA63898","nonHR",9.20942115783691,-1.52196788787842,0.3200603723526,0.018492953851819,-1.69217669963837,0.97991418838501,-0.971938252449036,-0.797466039657593
"DA63900","nonHR",-16.5882015228271,-2.40200304985046,-1.05217528343201,1.47865831851959,4.35193109512329,-0.602037727832794,0.586478531360626,2.74049806594849
"DA63902","nonHR",10.5166463851929,-2.79484105110168,1.3756548166275,0.471103489398956,-0.837539494037628,0.234851837158203,-2.27751731872559,-1.23576772212982
"DA63904","nonHR",-11.0125951766968,0.906605839729309,-3.20543360710144,-3.43247985839844,2.72464895248413,-0.800827264785767,-0.330504566431046,3.13026475906372
"DA63906","nonHR",-10.8747215270996,0.810877799987793,-3.13905334472656,-2.98212909698486,2.75785732269287,-0.636761605739594,-0.20603683590889,3.13868403434753
"DA63908","nonHR",10.415581703186,-2.41396331787109,0.78309553861618,0.062666118144989,-0.536644876003265,-0.405247449874878,-1.17571079730988,-1.51046168804169
"DA63910","nonHR",-16.6649799346924,-2.5250289440155,-1.26448464393616,1.07075476646423,4.14607191085815,-0.507388412952423,0.388498365879059,2.86307191848755
"DA63912","nonHR",10.7258081436157,-1.27681505680084,0.672684013843536,0.159355163574219,-2.56518888473511,0.477698385715485,-1.61148226261139,0.204324945807457
"DA63914","HR",-0.400741994380951,7.05892705917358,2.288738489151,-0.265691578388214,-2.97115254402161,1.71936905384064,3.72829484939575,-2.79996943473816
"DA63916","nonHR",9.6999397277832,-2.15552401542664,0.661689758300781,0.028229720890522,-0.909704446792603,0.297027468681335,-0.953257918357849,-1.26426684856415
"DA63918","nonHR",10.0308122634888,-1.71531403064728,0.539076685905457,-0.0791017338633537,-1.9088408946991,0.0710374116897583,-0.599470973014832,-0.24983149766922
"DA63920","nonHR",10.6628179550171,-2.72433924674988,1.31102550029755,0.562879264354706,-0.940552175045013,0.378705263137817,-2.18876934051514,-1.1082671880722
"DA63922","HR",6.91233205795288,-0.827140390872955,0.356435000896454,-0.124655500054359,-1.03030204772949,-0.299950152635574,-0.312901258468628,-0.783315122127533
"DA63924","nonHR",6.07459115982056,-0.591009318828583,0.150763526558876,-0.249863997101784,-1.0073117017746,-0.594903528690338,0.00385124795138836,-0.594553768634796
"DA63926","nonHR",7.62250423431396,-0.874327838420868,0.104603044688702,-0.19937464594841,-1.68478071689606,-0.622114598751068,-0.143726736307144,-0.104300014674664
"DA63928","nonHR",11.2329244613647,-1.14733016490936,0.531040132045746,0.260931223630905,-2.33580684661865,0.335637450218201,-1.79273808002472,-0.256624698638916
"DA63930","nonHR",-11.0152940750122,1.01732051372528,-2.76039743423462,-3.37745571136475,2.96591854095459,-0.351324141025543,-0.335681945085526,2.96304798126221
"DA63932","HR",6.97016429901123,-0.784778892993927,-0.00702046463266015,-0.235860168933868,-1.70727026462555,-0.729972839355469,0.0919598117470741,0.0649880841374397
"DA63934","HR",3.25453281402588,3.42777705192566,1.59620344638824,-0.0766950845718384,-2.05881643295288,0.574334383010864,1.37425935268402,-1.54233717918396
"DA63936","nonHR",-17.0038661956787,-2.35228633880615,-2.17339038848877,1.02562487125397,3.65986347198486,-0.963532745838165,-0.0282780230045319,2.50695443153381
"DA63938","nonHR",10.57750415802,-2.57418942451477,1.20781993865967,0.538030743598938,-1.03177905082703,0.310467034578323,-2.22013974189758,-1.07527470588684
"DA63940","HR",6.44665193557739,-0.468205451965332,0.0565138980746269,-0.493963986635208,-1.68513405323029,-0.94206166267395,0.19292189180851,-0.248557955026627
"DA63942","nonHR",11.2144870758057,-1.08610248565674,0.434933722019196,0.289051949977875,-2.55908846855164,0.58843731880188,-1.84925627708435,-0.0573419965803623
"DA63946","nonHR",-16.6005458831787,-2.31154799461365,-1.09860467910767,1.55829048156738,4.33476209640503,-0.747960209846497,0.641688525676727,2.98106479644775
"DA63952","nonHR",-16.9245891571045,-2.27442765235901,-1.9744039773941,1.63291954994202,4.10043954849243,-1.1411452293396,0.236010074615479,1.90670096874237
"DA63954","nonHR",-16.7578372955322,-2.41653370857239,-1.59236454963684,1.30990254878998,3.99796175956726,-0.874693810939789,0.278225421905518,3.13984131813049
"DA63956","nonHR",-11.0549592971802,1.42809903621674,-3.27347826957703,-3.31743693351746,2.90328598022461,-0.722293257713318,-0.421136647462845,2.66392016410828
"DA63958","HR",-0.0598111301660538,7.08163404464722,2.57696986198425,-0.384055465459824,-3.02401733398438,1.75493514537811,3.56084036827087,-2.86039519309998
"DA63960","nonHR",-11.2210693359375,1.23767685890198,-2.87410068511963,-3.29736042022705,3.07874035835266,-0.482920587062836,-0.498894572257996,2.67618823051453
"DA63962","nonHR",-16.7801113128662,-2.29576730728149,-1.36517202854156,2.1256844997406,4.5264720916748,-1.06263995170593,0.369508236646652,2.36634373664856
"DA63964","HR",7.2189154624939,-0.906399548053741,0.302788525819778,-0.0897166654467583,-1.27321040630341,-0.410325080156326,-0.337964624166489,-0.707189202308655
"DA63966","nonHR",10.5065202713013,-1.148481965065,0.140543296933174,0.0824133455753326,-2.69781827926636,0.39414444565773,-1.08091223239899,0.265228480100632
"DA63968","nonHR",10.1050548553467,-1.41059851646423,0.492162048816681,-0.162377223372459,-1.80599296092987,0.957898199558258,-1.11895275115967,-0.821950674057007
"DA63970","nonHR",10.2548418045044,-2.538982629776,0.917654633522034,0.113633655011654,-0.571511030197144,-0.039277408272028,-1.31008553504944,-1.4965056180954
"DA63972","nonHR",10.9468650817871,-2.39088225364685,0.780856549739838,0.0215729121118784,-0.783109128475189,-0.414318442344666,-1.25409078598022,-1.26101839542389
"DA63974","nonHR",10.0640096664429,-1.34516847133636,0.435457795858383,-0.136778116226196,-1.87507307529449,0.877965748310089,-1.00976836681366,-0.694628715515137
"DA63976","nonHR",-10.980263710022,0.942505180835724,-2.80853652954102,-3.22141551971436,2.93480062484741,-0.362718433141708,-0.188578769564629,2.97501182556152
"DA63978","nonHR",10.5994844436646,-1.22790539264679,0.323422223329544,0.104257583618164,-2.89256691932678,0.0637097507715225,-0.873421847820282,0.474095851182938
"DA63980","nonHR",-17.0520172119141,-2.22824501991272,-1.99160170555115,1.70643532276154,4.19426012039185,-1.25123178958893,-0.00507391570135951,2.07820773124695
"DA63982","nonHR",10.6586828231812,-2.70970678329468,1.26441729068756,0.256728798151016,-0.735402464866638,0.193715408444405,-1.78812670707703,-1.31382358074188
"DA63984","nonHR",10.3087205886841,-2.33677220344543,0.673597693443298,0.0692830681800842,-0.589504063129425,-0.563335955142975,-1.07583427429199,-1.42313098907471
"DA63986","nonHR",-11.0055799484253,1.37524032592773,-2.88859605789185,-3.26353216171265,3.15695738792419,-0.598324239253998,-0.152283117175102,2.65522599220276
"DA63990","nonHR",10.7800512313843,-1.26820373535156,0.57067346572876,-0.0333071537315845,-2.09573602676392,0.743617951869965,-1.45540177822113,-0.552268087863922
"DA63992","nonHR",10.9114437103271,-1.58892679214478,0.611571192741394,-0.2199577242136,-1.82236874103546,0.470383703708649,-1.25796461105347,-0.655935108661652
"DA63996","nonHR",-16.8781127929688,-2.50296592712402,-1.12722384929657,1.64549314975739,4.21218681335449,-0.630846321582794,0.25902783870697,3.01189494132996
"DA63998","nonHR",-16.8113555908203,-2.59123682975769,-1.38979768753052,1.31010437011719,3.9936192035675,-0.457352459430695,0.126410380005836,2.58437347412109
"DA64000","nonHR",6.25866222381592,-0.935506224632263,-0.228345260024071,-0.0433459393680096,-1.60276317596436,-0.696178615093231,0.110974937677383,0.170365244150162
"DA64002","HR",6.03840351104736,-0.47163337469101,0.167772769927979,-0.375514656305313,-1.39363503456116,-0.715454757213593,-0.000359745317837223,-0.766368627548218
"DA64004","HR",10.493236541748,-1.16168737411499,0.311717748641968,0.0969420745968819,-2.87780404090881,0.00268574245274067,-0.748191714286804,0.451888054609299
"DA64006","HR",-10.9596261978149,0.659432947635651,-2.80128288269043,-2.49650597572327,2.34609985351562,-0.732208549976349,-0.25589844584465,2.84867119789124
"DA64008","nonHR",10.8791255950928,-1.97856867313385,0.819085597991943,0.665627598762512,-1.52513468265533,-0.216589108109474,-2.03682494163513,-0.682408452033997
"DA64010","nonHR",10.6516237258911,-2.24848031997681,0.635205328464508,0.127192616462708,-0.704461097717285,-0.433803617954254,-1.28414928913116,-1.44362473487854
"DA64012","nonHR",5.96830701828003,-0.613426387310028,0.00283139129169285,-0.263782531023026,-1.12186276912689,-0.570047974586487,0.205392464995384,-0.19771334528923
"DA64014","nonHR",9.41830825805664,-1.48154354095459,0.382887244224548,-0.0727056637406349,-1.69336020946503,0.915812730789185,-0.893501698970795,-0.836035132408142
"DA64016","nonHR",10.2359085083008,-1.76119720935822,0.557071506977081,0.498639494180679,-1.4980012178421,-0.517177045345306,-1.34193527698517,-0.638779580593109
"DA64018","nonHR",-16.9940490722656,-2.32467555999756,-2.1151385307312,1.02461755275726,3.71405649185181,-0.980735540390015,0.0277294106781483,2.52016091346741
"DA64020","nonHR",-16.7938938140869,-2.31906008720398,-1.46845901012421,2.17547416687012,4.46207094192505,-1.05137526988983,0.430366605520248,2.3968710899353
"DA64022","nonHR",-10.9152746200562,1.19989418983459,-2.83764696121216,-3.34963178634644,3.02752280235291,-0.242742672562599,-0.206794887781143,2.96513080596924
"DA64024","HR",-6.92468976974487,3.93359994888306,0.532406091690063,0.225193545222282,0.276027351617813,0.916453301906586,2.22753596305847,-1.19548332691193
"DA64026","HR",-16.4220867156982,-2.33399438858032,-1.15283405780792,1.06997001171112,4.13390398025513,-0.439852595329285,0.554379820823669,2.77579164505005
"DA64028","nonHR",-11.2757349014282,1.21616506576538,-3.42724680900574,-3.15802454948425,2.64209628105164,-1.10054802894592,-0.554717123508453,2.81833815574646
"DA64032","nonHR",-16.9641590118408,-2.34718751907349,-2.11588096618652,1.0865296125412,3.85039710998535,-1.01014804840088,-0.108508445322514,2.38183856010437
"DA64034","nonHR",-16.5684051513672,-2.41029739379883,-0.964074313640594,1.65541231632233,4.4146580696106,-0.548844993114471,0.620429158210754,2.68152689933777
"DA64036","nonHR",10.6894588470459,-2.44477367401123,0.860443115234375,0.232583835721016,-1.00767135620117,-0.440453857183456,-1.28312826156616,-0.959342360496521
"DA64038","nonHR",-10.8938589096069,0.885377287864685,-3.02409625053406,-3.01256966590881,2.72198843955994,-0.604821085929871,-0.0316545441746712,3.04654908180237
"DA64040","nonHR",-10.8491382598877,0.932631969451904,-3.18723464012146,-2.95132923126221,2.80712461471558,-0.68777471780777,-0.0784446597099304,3.04206585884094
"DA64042","nonHR",10.5580425262451,-1.1168349981308,0.464374244213104,0.433317333459854,-2.37020611763,0.588715016841888,-1.65704381465912,-0.185882613062859
"DA64044","nonHR",10.2803392410278,-2.5877513885498,1.08491396903992,0.122088640928268,-0.708723545074463,0.439598619937897,-1.46973526477814,-1.38864278793335
"DA64046","nonHR",6.46368169784546,-0.680738747119904,0.0686873719096184,-0.402369022369385,-1.57469987869263,-0.78554105758667,0.205512762069702,-0.0996517464518547
"DA64048","nonHR",-16.4280033111572,-2.51215100288391,-1.70135831832886,1.60571336746216,4.42330455780029,-1.06731379032135,0.165864616632462,1.54273843765259
"DA64050","nonHR",10.8621368408203,-1.6603410243988,0.486452102661133,0.597259640693665,-1.63097989559174,-0.626748263835907,-1.72151446342468,-0.625514030456543
"DA64052","nonHR",-11.0426073074341,0.96365624666214,-2.73364114761353,-3.45533752441406,2.96773481369019,-0.357507288455963,-0.308927536010742,3.02502369880676
"DA64054","nonHR",-16.9368515014648,-2.36585664749146,-2.16053223609924,1.20415759086609,3.61420631408691,-1.08391344547272,0.126885533332825,2.26515579223633
"DA64056","nonHR",-17.2891654968262,-2.61415219306946,-1.57610237598419,1.41162478923798,4.04021596908569,-0.78427267074585,-0.106668911874294,2.94011449813843
"DA64058","nonHR",7.28334808349609,-0.951234400272369,0.0839341804385185,-0.189239323139191,-1.55633103847504,-0.673487961292267,-0.152741625905037,-0.178709164261818
"DA64060","nonHR",10.3043661117554,-1.88512742519379,0.771728932857513,0.372256338596344,-1.71851170063019,0.447660624980927,-1.45507609844208,-0.542945027351379
"DA64062","nonHR",-16.8962211608887,-2.48108506202698,-1.18389225006104,1.83421981334686,4.17336702346802,-0.640436470508575,0.105845049023628,3.1358380317688
"DA64066","nonHR",-10.8834228515625,1.12614512443542,-2.84257864952087,-3.33705520629883,3.01458287239075,-0.307758748531342,-0.0966087579727173,2.78125929832458
