"strain","resistance","UMAP1","UMAP2","UMAP3","prediction"
"DA62886","HR",-7.881019115448,-2.20281720161438,6.62253999710083,"COR"
"DA62888","nonHR",-7.30798292160034,-0.649029016494751,5.40200567245483,"COR"
"DA62890","nonHR",-8.72874164581299,-1.50442945957184,4.83203315734863,"COR"
"DA62892","nonHR",12.7414836883545,3.11625957489014,-1.53892576694489,"COR"
"DA62894","nonHR",-7.61511611938477,-2.46129512786865,4.96962594985962,"COR"
"DA62896","nonHR",-6.88902187347412,-2.82772731781006,5.80501937866211,"COR"
"DA62898","nonHR",-8.68404674530029,-0.790814757347107,5.96289777755737,"COR"
"DA62900","nonHR",14.2466459274292,-4.47022294998169,-3.96650314331055,"COR"
"DA62902","nonHR",-4.60055303573608,-2.62097191810608,1.49621653556824,"COR"
"DA62904","nonHR",-9.91539859771729,-0.929974317550659,5.47314214706421,"COR"
"DA62906","nonHR",13.7558431625366,-5.0448637008667,-3.76622700691223,"COR"
"DA62908","nonHR",-7.25115823745728,-0.742664337158203,5.07219123840332,"COR"
"DA62914","nonHR",13.9363641738892,-4.58119535446167,-4.51589345932007,"COR"
"DA62916","nonHR",12.2044219970703,-4.30895614624023,-3.36899495124817,"COR"
"DA62918","nonHR",-7.77874422073364,-1.97491240501404,6.04415655136108,"COR"
"DA62920","HR",-7.60845327377319,-3.19178485870361,4.7304105758667,"COR"
"DA62922","nonHR",13.7495956420898,2.65503025054932,-1.46388757228851,"COR"
"DA62924","nonHR",13.6010618209839,3.50491952896118,-1.62744772434235,"COR"
"DA62926","nonHR",13.9412031173706,-4.26782941818237,-4.4281120300293,"COR"
"DA62928","nonHR",13.0447111129761,-3.95769166946411,-3.98207020759583,"COR"
"DA62932","nonHR",-8.80115413665771,-1.16735196113586,6.62606811523438,"COR"
"DA62934","nonHR",13.2604598999023,-3.83215022087097,-3.75838351249695,"COR"
"DA62936","nonHR",-8.752366065979,-1.26371586322784,6.51387405395508,"COR"
"DA62938","nonHR",-6.81515598297119,-2.83092927932739,5.52867698669434,"COR"
"DA62940","nonHR",14.0838212966919,-4.61672878265381,-4.49869251251221,"COR"
"DA62942","nonHR",-9.48092842102051,-1.51194703578949,5.6897668838501,"COR"
"DA62944","nonHR",-9.18234729766846,-2.19637680053711,6.36999988555908,"COR"
"DA62946","HR",-1.64012897014618,8.9370698928833,-8.9595947265625,"COR"
"DA62948","nonHR",-5.27778816223145,-1.47140109539032,1.18902242183685,"COR"
"DA62950","nonHR",-9.95548057556152,-0.84141343832016,5.25831365585327,"COR"
"DA62952","nonHR",13.256233215332,-3.99309253692627,-4.1866717338562,"COR"
"DA62954","HR",-7.74932384490967,-1.7578216791153,4.45543241500854,"COR"
"DA62956","nonHR",-5.88058519363403,-1.81097042560577,1.37494552135468,"FP"
"DA62958","HR",0.893664538860321,6.7496452331543,-6.17740488052368,"COR"
"DA62960","nonHR",-6.92820882797241,-2.90221548080444,5.48893928527832,"COR"
"DA62962","nonHR",13.0879144668579,-5.82548379898071,-4.14273262023926,"COR"
"DA62964","nonHR",13.9900970458984,2.83252429962158,-2.14478516578674,"COR"
"DA62966","nonHR",-8.74820995330811,-2.00989246368408,5.0179500579834,"COR"
"DA62968","nonHR",-9.60363960266113,-1.08706676959991,6.54104423522949,"COR"
"DA62972","nonHR",-9.14734077453613,-2.5874650478363,5.84324884414673,"COR"
"DA62976","nonHR",-7.55244255065918,-2.67555093765259,4.75480127334595,"COR"
"DA62978","HR",-2.06020569801331,9.40966606140137,-9.78528308868408,"COR"
"DA62980","nonHR",13.7092218399048,-4.4634838104248,-4.52998542785645,"COR"
"DA62982","nonHR",-9.05740451812744,-2.61070322990417,5.70847129821777,"COR"
"DA62984","nonHR",-5.68879175186157,-2.05295133590698,1.19076693058014,"COR"
"DA62986","nonHR",-8.62406253814697,-1.54528176784515,6.05434131622314,"COR"
"DA62990","nonHR",-9.55707168579102,-0.901971042156219,5.38874197006226,"COR"
"DA62992","nonHR",-9.88683795928955,-0.998027086257935,5.16154813766479,"COR"
"DA62994","nonHR",-5.91978216171265,-1.73538506031036,1.23614931106567,"COR"
"DA62996","nonHR",-7.36267375946045,-0.765242516994476,4.9179892539978,"COR"
"DA62998","HR",-5.9982271194458,-1.50479817390442,1.5523989200592,"COR"
"DA63000","nonHR",-9.18811798095703,-2.1684582233429,5.50019931793213,"COR"
"DA63002","HR",13.3717966079712,-3.66323089599609,-3.41943311691284,"COR"
"DA63006","nonHR",-7.40151834487915,-2.92786288261414,6.67412233352661,"COR"
"DA63010","nonHR",-7.33729457855225,-0.857206344604492,5.17441844940186,"COR"
"DA63012","HR",-1.86127388477325,10.1913061141968,-9.05060291290283,"COR"
"DA63014","nonHR",-9.79987239837646,-0.966128468513489,5.42965698242188,"COR"
"DA63016","nonHR",-8.93669319152832,-1.69421482086182,4.99568748474121,"COR"
"DA63020","nonHR",-7.03667640686035,-1.34387636184692,5.0558705329895,"COR"
"DA63022","nonHR",-7.09920215606689,-3.09670376777649,5.03269195556641,"COR"
"DA63024","nonHR",-9.20908355712891,-2.47253465652466,5.79931449890137,"COR"
"DA63026","nonHR",-5.93988275527954,-1.74555349349976,1.28691649436951,"COR"
"DA63028","nonHR",-7.31901121139526,-0.647375524044037,5.21575307846069,"COR"
"DA63030","HR",-5.11600494384766,-2.20477056503296,0.700524508953094,"COR"
"DA63032","nonHR",-4.74867105484009,-2.20035815238953,1.0923889875412,"FP"
"DA63034","nonHR",14.1269826889038,-4.43760204315186,-3.6462197303772,"COR"
"DA63036","nonHR",-6.82671451568604,-2.53270602226257,5.8730616569519,"COR"
"DA63038","HR",-9.4140510559082,-0.537011921405792,5.68611097335815,"COR"
"DA63040","HR",-8.46608638763428,-1.27890706062317,4.68664455413818,"COR"
"DA63042","nonHR",-7.23614883422852,-2.82778239250183,6.56185817718506,"COR"
"DA63044","nonHR",-9.0687370300293,-2.29716563224792,6.49399280548096,"COR"
"DA63046","HR",-1.79068732261658,8.78502941131592,-9.04828643798828,"COR"
"DA63048","nonHR",-4.74198913574219,-2.4988968372345,1.15263903141022,"COR"
"DA63050","nonHR",-9.68903541564941,-1.32626557350159,6.71967935562134,"COR"
"DA63052","nonHR",-5.11784791946411,-1.50635766983032,1.48538625240326,"COR"
"DA63054","nonHR",-5.28592014312744,-2.23650503158569,0.916888296604156,"COR"
"DA63056","nonHR",-7.28752613067627,-2.84255766868591,6.58877897262573,"COR"
"DA63058","nonHR",-5.10439586639404,-1.43557870388031,1.37262880802155,"COR"
"DA63060","nonHR",-6.33695507049561,-1.73389005661011,2.50253558158875,"COR"
"DA63062","nonHR",13.2363119125366,2.9612352848053,-2.264892578125,"COR"
"DA63064","nonHR",-8.07008361816406,-1.78013813495636,4.76603651046753,"COR"
"DA63066","nonHR",-7.30863618850708,-2.99173760414124,6.58745145797729,"COR"
"DA63068","nonHR",12.8770599365234,-4.30911540985107,-4.14872360229492,"COR"
"DA63072","HR",-9.90752029418945,-0.893251419067383,5.01722431182861,"FN"
"DA63074","nonHR",-7.57285737991333,-2.86751675605774,6.52200889587402,"COR"
"DA63078","nonHR",14.1702280044556,-4.28472185134888,-4.14017534255981,"COR"
"DA63080","nonHR",12.0151147842407,-4.68843412399292,-3.37407326698303,"COR"
"DA63082","HR",4.74420595169067,4.17717504501343,-6.19043016433716,"COR"
"DA63084","nonHR",-8.48056602478027,-2.57551074028015,5.46539402008057,"COR"
"DA63088","nonHR",-7.60019254684448,-0.713162958621979,5.17128372192383,"COR"
"DA63090","nonHR",12.9343042373657,3.20749664306641,-1.91886508464813,"COR"
"DA63092","nonHR",13.9777517318726,-4.24858999252319,-4.13622713088989,"COR"
"DA63094","nonHR",-8.65331649780273,-1.00441312789917,5.5430588722229,"COR"
"DA63096","nonHR",13.1770191192627,-4.23662424087524,-4.47887468338013,"COR"
"DA63100","nonHR",-7.53227090835571,-1.7622401714325,6.01884841918945,"COR"
"DA63102","nonHR",-7.65357828140259,-0.611408174037933,5.55945777893066,"COR"
"DA63104","nonHR",13.0665035247803,-4.02652978897095,-3.91816210746765,"COR"
"DA63106","HR",-4.50740909576416,-2.27079701423645,1.11728656291962,"COR"
"DA63108","nonHR",13.7551412582397,-4.51923370361328,-4.72001361846924,"COR"
"DA63110","nonHR",-7.57359313964844,-2.62611699104309,6.4610071182251,"COR"
"DA63112","nonHR",-6.25829553604126,-1.66447925567627,2.36690974235535,"FP"
"DA63118","nonHR",13.221941947937,-4.09888362884521,-4.43852376937866,"COR"
"DA63120","nonHR",-4.46650505065918,-2.22073602676392,1.05817580223083,"COR"
"DA63122","HR",-4.98392152786255,-2.44261050224304,0.870568037033081,"COR"
"DA63124","nonHR",-7.67536449432373,-3.19825100898743,5.72476720809937,"COR"
"DA63126","HR",-7.93965625762939,-0.168256461620331,5.4318733215332,"COR"
"DA63128","nonHR",-9.08066940307617,-1.94414925575256,5.22899103164673,"COR"
"DA63130","nonHR",-4.73227787017822,-1.66810858249664,1.49620985984802,"COR"
"DA63134","nonHR",12.5641775131226,-4.59346675872803,-4.45882129669189,"COR"
"DA63136","nonHR",13.5970602035522,-5.5577712059021,-4.22237348556519,"COR"
"DA63138","HR",-9.53509902954102,-0.80088084936142,5.51447248458862,"COR"
"DA63140","nonHR",14.1674871444702,-4.74683284759521,-4.09274578094482,"COR"
"DA63142","nonHR",-4.94436597824097,-2.43250775337219,0.953558504581451,"COR"
"DA63144","HR",12.5443344116211,-4.32959127426147,-4.49563550949097,"COR"
"DA63146","HR",-4.79132413864136,-1.45493149757385,1.07733190059662,"COR"
"DA63148","nonHR",-8.45700454711914,-1.35848426818848,4.7316746711731,"COR"
"DA63150","HR",-7.05894088745117,-0.81282252073288,4.70648527145386,"COR"
"DA63152","nonHR",-4.63857412338257,-2.08258199691772,1.17062735557556,"FP"
"DA63154","nonHR",12.6860809326172,-5.16630411148071,-4.24341106414795,"COR"
"DA63156","nonHR",13.3267431259155,3.49830102920532,-1.96299088001251,"COR"
"DA63158","nonHR",-7.86288642883301,-1.76468312740326,4.92888212203979,"COR"
"DA63160","HR",-7.24013328552246,-0.757472217082977,5.95708036422729,"COR"
"DA63162","nonHR",-7.19151210784912,-0.662417352199554,5.35107231140137,"COR"
"DA63164","HR",13.9269180297852,-3.80588102340698,-3.25122380256653,"COR"
"DA63166","nonHR",13.4467144012451,-4.32863616943359,-4.5409893989563,"COR"
"DA63168","nonHR",-7.46636295318604,-0.489825487136841,5.27343416213989,"COR"
"DA63170","nonHR",-7.21688318252563,-2.1153199672699,4.94595241546631,"COR"
"DA63172","nonHR",12.7344951629639,2.32863306999207,-1.1996454000473,"COR"
"DA63174","nonHR",-7.84001588821411,-2.79416728019714,6.19103765487671,"COR"
"DA63176","nonHR",12.7482070922852,-4.5199613571167,-4.21687316894531,"COR"
"DA63178","nonHR",-5.12863397598267,-2.0634503364563,2.29710030555725,"COR"
"DA63180","HR",13.4862947463989,-4.70588541030884,-3.19238018989563,"FN"
"DA63182","HR",-1.89630007743835,10.1842164993286,-9.17847061157227,"COR"
"DA63184","nonHR",12.8705444335938,-3.92279243469238,-3.96783971786499,"COR"
"DA63186","HR",-9.66351127624512,-1.08972477912903,6.77298402786255,"COR"
"DA63188","nonHR",-7.73894834518433,-0.635858476161957,5.2684268951416,"COR"
"DA63190","nonHR",-9.41304397583008,-1.54857993125916,5.56265926361084,"COR"
"DA63192","nonHR",-7.46763944625854,-0.964134514331818,5.82304668426514,"COR"
"DA63194","nonHR",-5.34367609024048,-2.24731087684631,0.983700037002563,"FP"
"DA63196","nonHR",-8.3287410736084,-1.67272639274597,4.75057315826416,"COR"
"DA63198","nonHR",13.2630186080933,-5.46248960494995,-3.56806373596191,"COR"
"DA63200","nonHR",13.8659744262695,3.42188215255737,-1.71234464645386,"COR"
"DA63202","HR",-2.29899787902832,8.48132038116455,-7.08246278762817,"COR"
"DA63204","nonHR",-7.84779405593872,-3.0324535369873,5.78937864303589,"COR"
"DA63210","HR",-2.27619552612305,10.0463962554932,-9.33658313751221,"COR"
"DA63214","HR",4.15918636322021,2.42914915084839,-5.19341325759888,"COR"
"DA63216","nonHR",12.905219078064,-5.63640642166138,-3.90631866455078,"COR"
"DA63218","nonHR",-4.82542276382446,-2.50396990776062,2.00128746032715,"COR"
"DA63220","nonHR",-7.24947500228882,-0.561520338058472,5.30666542053223,"COR"
"DA63222","nonHR",-7.93236780166626,-0.825625658035278,5.28370523452759,"COR"
"DA63224","nonHR",-9.38251686096191,-1.6005871295929,6.64522409439087,"COR"
"DA63226","nonHR",-5.26895761489868,-2.36263942718506,0.899613559246063,"COR"
"DA63228","nonHR",-7.60174989700317,-2.75588846206665,6.47317600250244,"COR"
"DA63230","nonHR",-5.39681482315063,-1.56558632850647,1.02974033355713,"COR"
"DA63232","nonHR",13.0304346084595,-3.95894932746887,-4.31543064117432,"COR"
"DA63234","nonHR",-9.65182590484619,-1.50296425819397,6.53937244415283,"COR"
"DA63236","nonHR",12.2042770385742,-4.46414756774902,-3.6737904548645,"COR"
"DA63238","nonHR",-7.24213600158691,-2.58407378196716,4.82362270355225,"COR"
"DA63240","nonHR",-9.23026466369629,-1.40666675567627,6.78016471862793,"COR"
"DA63242","nonHR",-7.90339660644531,-0.863850235939026,6.06546831130981,"COR"
"DA63244","nonHR",12.9530086517334,-5.03821611404419,-4.65026664733887,"COR"
"DA63246","nonHR",12.9803905487061,-5.67442274093628,-4.17053031921387,"COR"
"DA63248","nonHR",-5.82218647003174,-1.77389371395111,1.20470893383026,"COR"
"DA63250","nonHR",-7.3876166343689,-0.545456647872925,5.27675819396973,"COR"
"DA63252","HR",-1.30227100849152,9.15219974517822,-9.31247138977051,"COR"
"DA63254","HR",-6.86893844604492,-2.27779912948608,5.35209226608276,"FN"
"DA63256","nonHR",-9.40819454193115,-1.24921834468842,6.71515417098999,"COR"
"DA63258","nonHR",-9.63911056518555,-1.45099794864655,5.8449854850769,"COR"
"DA63260","nonHR",13.8848075866699,3.24288821220398,-1.87663590908051,"COR"
"DA63262","nonHR",-6.22986459732056,-1.58785164356232,2.18679213523865,"COR"
"DA63264","HR",-5.53325176239014,-1.69509148597717,0.856650710105896,"COR"
"DA63266","HR",-8.77433586120605,-1.80066585540771,4.50782155990601,"COR"
"DA63268","nonHR",-8.40866661071777,-1.11933195590973,6.17284822463989,"COR"
"DA63270","nonHR",-8.37347316741943,-1.15098369121552,5.05521488189697,"COR"
"DA63272","nonHR",-7.2901029586792,-1.96961808204651,6.30269384384155,"COR"
"DA63274","nonHR",-4.43993759155273,-2.6650013923645,1.62171959877014,"COR"
"DA63276","nonHR",-9.44674587249756,-0.829018831253052,6.45583868026733,"COR"
"DA63278","nonHR",12.7429256439209,-4.73718929290771,-4.41504859924316,"COR"
"DA63282","nonHR",14.1487874984741,-4.81680488586426,-4.34716463088989,"COR"
"DA63284","nonHR",13.7235412597656,2.90476512908936,-1.42003452777863,"COR"
"DA63286","nonHR",13.8495054244995,-5.1761999130249,-4.50415277481079,"COR"
"DA63288","nonHR",13.6361608505249,3.40130591392517,-1.69847285747528,"COR"
"DA63290","nonHR",-8.68138027191162,-1.65577292442322,6.21280956268311,"COR"
"DA63292","nonHR",-7.42941999435425,-0.937480926513672,4.81163883209229,"COR"
"DA63294","nonHR",-9.51990509033203,-1.469522356987,5.77247285842896,"COR"
"DA63296","nonHR",-7.77914476394653,-2.47800803184509,5.37972688674927,"COR"
"DA63300","nonHR",-7.31257629394531,-3.1732485294342,4.94812154769897,"COR"
"DA63302","nonHR",13.2321605682373,-5.62704086303711,-4.80783939361572,"COR"
"DA63304","nonHR",-6.80861473083496,-2.62892031669617,5.47228384017944,"COR"
"DA63306","nonHR",-5.63592672348022,-1.82808804512024,1.0592178106308,"COR"
"DA63310","nonHR",12.5177869796753,-5.00489711761475,-3.91114687919617,"COR"
"DA63312","nonHR",-8.1161584854126,-2.40455937385559,6.20700550079346,"COR"
"DA63314","nonHR",-7.32090616226196,-2.52127623558044,6.5950345993042,"COR"
"DA63316","nonHR",-7.68152189254761,-3.05054974555969,6.26000308990479,"COR"
"DA63318","nonHR",-9.85629272460938,-0.988839268684387,5.51048183441162,"COR"
"DA63320","nonHR",12.4108753204346,-4.27978706359863,-3.17680907249451,"COR"
"DA63322","HR",13.484522819519,2.95373797416687,-1.31075191497803,"COR"
"DA63324","nonHR",-9.217209815979,-0.978409349918365,6.219162940979,"COR"
"DA63326","nonHR",12.2695960998535,-4.39238166809082,-3.76886367797852,"COR"
"DA63328","nonHR",13.009467124939,2.92009735107422,-2.09962606430054,"COR"
"DA63330","HR",13.808874130249,3.12650537490845,-2.27469325065613,"COR"
"DA63332","nonHR",12.0047769546509,-4.44231510162354,-3.27273225784302,"COR"
"DA63334","HR",12.6127147674561,2.59892010688782,-1.56571555137634,"COR"
"DA63336","nonHR",-5.29998254776001,-2.32666206359863,0.852817595005035,"COR"
"DA63338","nonHR",-8.2983455657959,-1.73604309558868,4.6119589805603,"COR"
"DA63340","nonHR",-7.35327529907227,-2.34229707717896,4.8104772567749,"COR"
"DA63342","HR",13.8353233337402,-5.32769393920898,-4.59725713729858,"COR"
"DA63344","nonHR",13.0285491943359,-5.68211841583252,-3.95067691802979,"COR"
"DA63346","HR",12.8702716827393,3.26998162269592,-2.12075805664062,"COR"
"DA63348","nonHR",-9.4121265411377,-1.12937152385712,6.64774131774902,"COR"
"DA63350","HR",-2.35465121269226,10.0843887329102,-9.00828838348389,"COR"
"DA63352","nonHR",-5.82226324081421,-1.9759521484375,0.972146689891815,"COR"
"DA63354","nonHR",-4.72264337539673,-2.00240850448608,1.09703063964844,"COR"
"DA63356","nonHR",-8.87773895263672,-1.17685449123383,5.06688356399536,"COR"
"DA63358","nonHR",-9.69281959533691,-1.33837401866913,6.80433511734009,"COR"
"DA63360","HR",-1.90616154670715,10.2977886199951,-9.06640911102295,"COR"
"DA63362","HR",-5.79916620254517,-1.6393518447876,0.957155644893646,"COR"
"DA63364","nonHR",12.8084783554077,-4.12666034698486,-4.21869373321533,"COR"
"DA63366","HR",-2.06054425239563,9.37125492095947,-9.7346134185791,"COR"
"DA63368","nonHR",-5.39830827713013,-1.45957911014557,1.29628217220306,"COR"
"DA63370","nonHR",13.6618194580078,2.72560882568359,-2.36452865600586,"COR"
"DA63372","nonHR",13.2976007461548,3.38372182846069,-2.12905383110046,"COR"
"DA63374","nonHR",-4.77261447906494,-2.47724509239197,1.01987361907959,"COR"
"DA63376","nonHR",13.1611423492432,-5.69840621948242,-4.47634029388428,"COR"
"DA63378","nonHR",-7.20861148834229,-1.11991477012634,4.97937345504761,"COR"
"DA63380","nonHR",-8.95685195922852,-0.89994490146637,6.15491008758545,"COR"
"DA63382","HR",-6.2030086517334,-2.08242225646973,2.68897604942322,"COR"
"DA63384","nonHR",13.0670337677002,-5.74263429641724,-4.11699533462524,"COR"
"DA63568","nonHR",13.2614593505859,-5.77230787277222,-4.38353729248047,"COR"
"DA63570","nonHR",-7.00302219390869,-2.38340020179749,4.99930620193481,"COR"
"DA63572","nonHR",13.0387716293335,3.24143671989441,-2.14478349685669,"COR"
"DA63574","nonHR",-6.91088533401489,-2.96561574935913,6.46726751327515,"COR"
"DA63576","nonHR",13.6110057830811,-5.48517894744873,-4.28165006637573,"COR"
"DA63578","nonHR",13.9531946182251,-4.42467069625854,-3.61879849433899,"COR"
"DA63580","nonHR",-8.9463415145874,-2.75779938697815,5.59411191940308,"COR"
"DA63582","nonHR",-9.62608432769775,-1.22672152519226,6.54632139205933,"COR"
"DA63584","nonHR",14.1300401687622,-4.17258930206299,-4.01202440261841,"COR"
"DA63586","nonHR",13.1128988265991,-4.03561496734619,-4.47725915908813,"COR"
"DA63588","nonHR",-6.67668390274048,-2.63558125495911,5.8851490020752,"COR"
"DA63590","nonHR",13.9991064071655,-4.27768564224243,-4.47783517837524,"COR"
"DA63592","nonHR",13.1646938323975,-5.72562026977539,-4.24958324432373,"COR"
"DA63594","HR",-2.12355589866638,9.50634574890137,-8.20003986358643,"COR"
"DA63596","nonHR",-4.442702293396,-2.55336618423462,1.20588850975037,"COR"
"DA63598","nonHR",13.5403985977173,3.46937131881714,-1.9122189283371,"COR"
"DA63600","nonHR",13.0661544799805,-5.66181039810181,-3.73345136642456,"COR"
"DA63602","nonHR",13.52414894104,2.68056273460388,-2.43934416770935,"COR"
"DA63606","nonHR",14.1431903839111,-4.82091236114502,-4.32653427124023,"COR"
"DA63608","HR",-1.96383845806122,9.02956485748291,-8.637770652771,"COR"
"DA63610","nonHR",-7.36970329284668,-0.620438933372498,5.32779359817505,"COR"
"DA63612","nonHR",-7.20766258239746,-3.01176810264587,5.17662286758423,"COR"
"DA63614","nonHR",-9.2157039642334,-2.2450807094574,6.35706901550293,"COR"
"DA63616","nonHR",13.1700611114502,-4.08553171157837,-4.36892461776733,"COR"
"DA63618","nonHR",4.37783193588257,-1.8400993347168,-2.18094801902771,"COR"
"DA63620","nonHR",-9.31796836853027,-1.16473567485809,6.77050161361694,"COR"
"DA63622","nonHR",-9.17887783050537,-2.23878002166748,6.35719585418701,"COR"
"DA63624","nonHR",-6.91664123535156,-2.85587453842163,6.39094877243042,"COR"
"DA63626","nonHR",-9.02070808410645,-2.60484623908997,6.07361221313477,"COR"
"DA63628","nonHR",13.833384513855,-4.37033319473267,-4.56021451950073,"COR"
"DA63630","nonHR",-4.51337194442749,-2.12286233901978,1.23406708240509,"FP"
"DA63632","nonHR",-7.62130928039551,-3.02982831001282,6.20696401596069,"COR"
"DA63634","nonHR",-5.54126882553101,-1.93516540527344,2.68376326560974,"COR"
"DA63636","nonHR",-9.13773059844971,-0.888243973255157,6.02374935150146,"COR"
"DA63638","nonHR",12.9714574813843,3.0943284034729,-1.97312295436859,"COR"
"DA63640","nonHR",-7.84165239334106,-3.32077074050903,5.26063966751099,"COR"
"DA63642","nonHR",-7.26819133758545,-3.08705592155457,5.94766902923584,"COR"
"DA63644","nonHR",-8.03234100341797,-3.19885730743408,5.2753643989563,"COR"
"DA63646","nonHR",-7.9838285446167,-2.26397895812988,5.63792896270752,"COR"
"DA63648","nonHR",13.4255342483521,-5.36413908004761,-4.68929052352905,"COR"
"DA63650","nonHR",14.0097284317017,2.95457458496094,-2.05726194381714,"COR"
"DA63652","nonHR",-5.02718925476074,-2.26636576652527,2.0213737487793,"COR"
"DA63654","nonHR",-6.24256420135498,-1.73011660575867,2.30963611602783,"COR"
"DA63656","HR",13.568904876709,-3.79676079750061,-3.85304951667786,"FN"
"DA63658","nonHR",-8.62633514404297,-1.72934722900391,4.76629018783569,"COR"
"DA63660","HR",-9.19010162353516,-2.5217125415802,5.99287796020508,"COR"
"DA63662","nonHR",-9.37920665740967,-1.21739399433136,6.55011701583862,"COR"
"DA63664","nonHR",13.7226819992065,2.85573768615723,-2.17175316810608,"COR"
"DA63666","nonHR",12.6137161254883,2.5506443977356,-1.49924600124359,"COR"
"DA63668","nonHR",-7.53198099136353,-2.86340022087097,6.30411815643311,"COR"
"DA63670","nonHR",13.3469247817993,3.38396286964417,-1.93244457244873,"COR"
"DA63672","HR",-5.19247198104858,-1.15855967998505,1.11336708068848,"COR"
"DA63674","nonHR",-4.66973352432251,-2.46293616294861,1.15039944648743,"COR"
"DA63678","nonHR",13.959981918335,-4.4390983581543,-4.4681396484375,"COR"
"DA63680","nonHR",-5.94740009307861,-1.75144529342651,1.33912885189056,"COR"
"DA63682","nonHR",-7.35828447341919,-0.635622560977936,5.36608219146729,"COR"
"DA63684","nonHR",-8.68124580383301,-1.40718877315521,4.91038274765015,"COR"
"DA63686","nonHR",-7.30347347259521,-2.87640690803528,6.55804586410522,"COR"
"DA63688","HR",-1.33563685417175,8.86077499389648,-9.25939655303955,"COR"
"DA63690","HR",-6.7884259223938,-1.3044513463974,5.10363960266113,"COR"
"DA63692","nonHR",-7.45409727096558,-2.99130320549011,6.63784217834473,"COR"
"DA63694","HR",-9.95555973052979,-0.855417907238007,5.70148706436157,"COR"
"DA63696","nonHR",-8.65937423706055,-1.41879892349243,4.89723253250122,"COR"
"DA63698","nonHR",-5.3818359375,-2.28665566444397,2.22792863845825,"FP"
"DA63700","nonHR",13.7295789718628,-3.89075541496277,-3.60575532913208,"COR"
"DA63702","nonHR",-9.40541076660156,-0.924245893955231,6.43246078491211,"COR"
"DA63704","nonHR",13.0184917449951,3.11769556999207,-1.93004655838013,"COR"
"DA63706","HR",-9.30303859710693,-1.66855239868164,5.56669569015503,"FN"
"DA63710","nonHR",-9.61228942871094,-1.30408620834351,6.75258350372314,"COR"
"DA63714","nonHR",-9.83669471740723,-0.899008393287659,5.20222949981689,"COR"
"DA63716","nonHR",-9.18277835845947,-2.27843332290649,6.3592267036438,"COR"
"DA63718","nonHR",-9.07416343688965,-2.56926703453064,5.88037204742432,"COR"
"DA63720","nonHR",13.5909738540649,2.97728753089905,-2.33866000175476,"COR"
"DA63722","nonHR",-7.72250175476074,-3.21325540542603,5.32606410980225,"COR"
"DA63724","nonHR",-7.67777967453003,-0.872313916683197,4.84678936004639,"COR"
"DA63728","nonHR",-7.64415407180786,-3.27791166305542,5.38620567321777,"COR"
"DA63730","nonHR",-9.20737934112549,-0.915773630142212,5.31150913238525,"COR"
"DA63732","nonHR",12.303126335144,-4.32177686691284,-3.797123670578,"COR"
"DA63734","nonHR",-7.30062007904053,-0.675111711025238,5.70957088470459,"COR"
"DA63736","nonHR",12.6201992034912,-4.67217493057251,-4.36686897277832,"COR"
"DA63738","nonHR",13.9222745895386,-4.91319751739502,-4.23069620132446,"COR"
"DA63740","nonHR",14.0340528488159,-4.18165588378906,-3.78190398216248,"COR"
"DA63742","nonHR",13.6106672286987,-5.32264566421509,-4.00913238525391,"COR"
"DA63746","nonHR",-8.67503356933594,-0.77480161190033,5.99316501617432,"COR"
"DA63748","nonHR",-7.11981821060181,-2.0224027633667,5.6662540435791,"COR"
"DA63750","nonHR",12.9958200454712,3.13705658912659,-1.98081314563751,"COR"
"DA63752","HR",12.5169563293457,-3.93434548377991,-3.81890273094177,"COR"
"DA63756","nonHR",13.0410461425781,-5.67912292480469,-4.05862760543823,"COR"
"DA63758","nonHR",-9.05993270874023,-0.969230651855469,6.37038707733154,"COR"
"DA63760","nonHR",-7.06436729431152,-1.10366535186768,5.5451602935791,"COR"
"DA63762","nonHR",-8.90017223358154,-2.76283001899719,5.75648069381714,"COR"
"DA63764","nonHR",13.9536571502686,-4.68375158309937,-4.04375696182251,"COR"
"DA63770","nonHR",-7.08671140670776,-2.99532890319824,5.20656585693359,"COR"
"DA63772","HR",13.929030418396,-5.17051935195923,-4.51880264282227,"COR"
"DA63774","nonHR",13.6334791183472,-4.99772262573242,-3.75580406188965,"COR"
"DA63776","HR",-1.50596785545349,8.949782371521,-9.50759983062744,"COR"
"DA63778","nonHR",-7.39150476455688,-3.07670712471008,4.81991863250732,"COR"
"DA63780","HR",13.2902545928955,3.03307223320007,-1.09490859508514,"COR"
"DA63782","nonHR",-9.60689163208008,-1.0697318315506,6.54833889007568,"COR"
"DA63784","HR",-1.26049625873566,10.0276365280151,-8.67782783508301,"COR"
"DA63786","nonHR",-6.85870838165283,-2.13745784759521,5.6763744354248,"COR"
"DA63790","HR",-5.74901294708252,-1.57321047782898,0.999687790870667,"COR"
"DA63792","nonHR",12.6209897994995,-4.75512456893921,-4.12957143783569,"COR"
"DA63796","nonHR",-9.19580459594727,-2.2688455581665,5.96608924865723,"COR"
"DA63798","nonHR",13.1759386062622,2.85426998138428,-2.33433723449707,"COR"
"DA63800","nonHR",13.9695901870728,3.00126075744629,-2.04674053192139,"COR"
"DA63802","nonHR",-8.46182250976562,-2.60203337669373,5.45515727996826,"COR"
"DA63804","nonHR",-9.29641246795654,-1.90633058547974,5.45669460296631,"COR"
"DA63806","nonHR",-7.28292036056519,-3.03842973709106,4.800950050354,"COR"
"DA63808","nonHR",-8.10318660736084,-0.640685617923737,6.08599328994751,"COR"
"DA63810","nonHR",13.3414678573608,3.47310543060303,-1.91590476036072,"COR"
"DA63812","nonHR",12.7871179580688,2.6691906452179,-1.5619068145752,"COR"
"DA63814","HR",13.416711807251,-3.5190737247467,-3.64290952682495,"COR"
"DA63818","nonHR",-7.76662540435791,-3.1798574924469,5.27271842956543,"COR"
"DA63820","nonHR",-7.05791330337524,-3.07040858268738,6.49133491516113,"COR"
"DA63822","nonHR",13.4013395309448,2.62228155136108,-1.19788813591003,"COR"
"DA63824","nonHR",-7.17427730560303,-1.26708281040192,5.66574859619141,"COR"
"DA63826","HR",-4.58757781982422,-2.38301920890808,1.06650078296661,"COR"
"DA63828","HR",-6.13347816467285,-1.45595622062683,2.05478858947754,"COR"
"DA63830","nonHR",13.627781867981,2.46328139305115,-2.46553730964661,"COR"
"DA63832","nonHR",-8.03588104248047,-0.95305323600769,6.08616590499878,"COR"
"DA63834","nonHR",-5.05309963226318,-2.105801820755,2.53007769584656,"COR"
"DA63836","nonHR",-8.96497058868408,-1.51555383205414,6.843092918396,"COR"
"DA63838","nonHR",-7.35994100570679,-1.92207455635071,6.21902275085449,"COR"
"DA63840","nonHR",13.2396097183228,-3.86313343048096,-3.52164077758789,"COR"
"DA63842","HR",-4.60335731506348,-2.41704392433167,0.956663250923157,"COR"
"DA63844","nonHR",13.6127834320068,-5.35743379592896,-4.58670282363892,"COR"
"DA63846","nonHR",-7.84893941879272,-0.880498707294464,4.97955369949341,"COR"
"DA63848","nonHR",13.6315574645996,2.9122154712677,-1.26193428039551,"COR"
"DA63852","nonHR",13.3561954498291,-3.96307373046875,-3.67772459983826,"COR"
"DA63854","nonHR",-7.75051975250244,-3.32667303085327,5.28608512878418,"COR"
"DA63856","nonHR",13.333233833313,-5.56749773025513,-4.54190874099731,"COR"
"DA63858","nonHR",13.1707105636597,3.17320370674133,-2.29994916915894,"COR"
"DA63860","nonHR",13.2805414199829,2.31428456306458,-1.79479348659515,"COR"
"DA63862","HR",-4.31282472610474,0.569637596607208,-1.05903351306915,"COR"
"DA63864","nonHR",13.4969778060913,3.02667188644409,-1.2465785741806,"COR"
"DA63866","nonHR",13.1835441589355,-5.6962718963623,-4.27932500839233,"COR"
"DA63868","nonHR",13.2015180587769,3.36721086502075,-2.14593434333801,"COR"
"DA63870","HR",13.9383220672607,-3.7384307384491,-3.53061461448669,"COR"
"DA63872","nonHR",12.6520042419434,2.4918909072876,-1.50642621517181,"COR"
"DA63874","nonHR",-7.37213850021362,-1.31002533435822,4.96995115280151,"COR"
"DA63876","nonHR",-8.80703067779541,-0.935722291469574,5.84738302230835,"COR"
"DA63878","nonHR",13.47181224823,2.89893889427185,-2.46110844612122,"COR"
"DA63880","nonHR",-9.47536087036133,-0.860037863254547,5.43847417831421,"COR"
"DA63882","nonHR",-5.58479404449463,-2.01475620269775,1.02504754066467,"COR"
"DA63884","HR",-2.79845499992371,7.40792608261108,-7.16128349304199,"COR"
"DA63886","nonHR",-7.96031522750854,-0.677105307579041,5.88406133651733,"COR"
"DA63888","HR",12.6507434844971,2.85850214958191,-1.88359606266022,"COR"
"DA63890","HR",-1.46362173557281,9.15146064758301,-9.74729061126709,"COR"
"DA63892","nonHR",-9.07889175415039,-2.26084399223328,5.34847497940063,"COR"
"DA63894","nonHR",-9.38634872436523,-1.51843047142029,6.78082036972046,"COR"
"DA63896","HR",-0.942050278186798,8.92802619934082,-8.29498672485352,"COR"
"DA63898","nonHR",-7.42096138000488,-0.544167160987854,5.31303262710571,"COR"
"DA63900","nonHR",13.8700866699219,-4.03719711303711,-3.52425861358643,"COR"
"DA63902","nonHR",-7.20939350128174,-2.91096973419189,6.63547849655151,"COR"
"DA63904","nonHR",13.2963514328003,3.40696358680725,-2.12337350845337,"COR"
"DA63906","nonHR",12.9962644577026,3.2179868221283,-1.93230044841766,"COR"
"DA63908","nonHR",-7.37359428405762,-3.09019923210144,4.78551721572876,"COR"
"DA63910","nonHR",14.048285484314,-4.7488751411438,-3.57347774505615,"COR"
"DA63912","nonHR",-9.37675857543945,-0.935538172721863,6.24024152755737,"COR"
"DA63914","HR",-1.39726543426514,9.28512763977051,-9.46370029449463,"COR"
"DA63916","nonHR",-7.21789693832397,-1.94350028038025,5.01150035858154,"COR"
"DA63918","nonHR",-8.58149242401123,-1.20842123031616,4.90537881851196,"COR"
"DA63920","nonHR",-7.2041072845459,-2.80320453643799,6.565993309021,"COR"
"DA63922","HR",-5.40548992156982,-2.40218591690063,2.17859268188477,"COR"
"DA63924","nonHR",-4.67716550827026,-2.56906127929688,1.34408795833588,"FP"
"DA63926","nonHR",-6.17066240310669,-1.68878424167633,2.16713547706604,"COR"
"DA63928","nonHR",-9.4333438873291,-1.70274305343628,6.49262046813965,"COR"
"DA63930","nonHR",13.3046216964722,2.94851970672607,-2.36490035057068,"COR"
"DA63932","HR",-5.86650896072388,-1.6415468454361,1.41268634796143,"COR"
"DA63934","HR",-4.93626260757446,4.37498807907104,-2.75022459030151,"COR"
"DA63936","nonHR",13.0878410339355,-5.58938837051392,-4.32392883300781,"COR"
"DA63938","nonHR",-7.48056793212891,-2.51160287857056,6.58506107330322,"COR"
"DA63940","HR",-5.68955278396606,-2.0026843547821,0.889063537120819,"COR"
"DA63942","nonHR",-9.67038345336914,-1.15600121021271,6.67734050750732,"COR"
"DA63946","nonHR",13.7229280471802,-4.10277843475342,-3.59903597831726,"COR"
"DA63952","nonHR",12.6583967208862,-5.01197528839111,-4.21926259994507,"COR"
"DA63954","nonHR",14.0118227005005,-4.33448219299316,-4.10973834991455,"COR"
"DA63956","nonHR",13.9031505584717,2.98896193504333,-1.98210203647614,"COR"
"DA63958","HR",-1.83429634571075,9.06812191009521,-9.74897575378418,"COR"
"DA63960","nonHR",13.8491497039795,2.65433216094971,-2.15027451515198,"COR"
"DA63962","nonHR",12.9322481155396,-3.92939734458923,-4.17345094680786,"COR"
"DA63964","HR",-5.62126445770264,-1.65470361709595,2.41222047805786,"COR"
"DA63966","nonHR",-9.47600936889648,-0.830587804317474,5.26520442962646,"COR"
"DA63968","nonHR",-7.96385812759399,-0.880007386207581,6.02159881591797,"COR"
"DA63970","nonHR",-7.10758972167969,-2.90223073959351,5.22160625457764,"COR"
"DA63972","nonHR",-7.75499248504639,-3.4729950428009,5.33683967590332,"COR"
"DA63974","nonHR",-8.03532218933105,-0.666042029857635,5.96386098861694,"COR"
"DA63976","nonHR",13.5840253829956,2.42205190658569,-2.50882887840271,"COR"
"DA63978","nonHR",-9.87448120117188,-0.888915002346039,5.21714401245117,"COR"
"DA63980","nonHR",12.7234306335449,-4.89053010940552,-4.57690000534058,"COR"
"DA63982","nonHR",-7.07101678848267,-3.09705424308777,6.07143497467041,"COR"
"DA63984","nonHR",-7.56385087966919,-3.06017088890076,4.78433656692505,"COR"
"DA63986","nonHR",13.8144969940186,2.82858085632324,-2.20792078971863,"COR"
"DA63990","nonHR",-8.72672367095947,-1.23657476902008,6.49352407455444,"COR"
"DA63992","nonHR",-8.43411827087402,-1.52113032341003,6.32765245437622,"COR"
"DA63996","nonHR",13.9658870697021,-4.16445112228394,-4.22778654098511,"COR"
"DA63998","nonHR",14.0578060150146,-4.8301568031311,-4.19725227355957,"COR"
"DA64000","nonHR",-5.25096559524536,-1.31972324848175,1.4332480430603,"COR"
"DA64002","HR",-4.99170112609863,-2.34388113021851,0.75741583108902,"COR"
"DA64004","HR",-9.81767272949219,-0.922195971012115,5.10445499420166,"FN"
"DA64006","HR",12.6791572570801,2.980229139328,-1.75866222381592,"COR"
"DA64008","nonHR",-8.48882007598877,-2.64464259147644,6.34846782684326,"COR"
"DA64010","nonHR",-7.8385181427002,-3.15777468681335,4.86373376846313,"COR"
"DA64012","nonHR",-4.88857173919678,-1.88262891769409,1.13090491294861,"COR"
"DA64014","nonHR",-7.67178773880005,-0.636664211750031,5.63283967971802,"COR"
"DA64016","nonHR",-8.4425106048584,-2.22530651092529,5.29035568237305,"COR"
"DA64018","nonHR",13.0605278015137,-5.57260847091675,-4.28033828735352,"COR"
"DA64020","nonHR",12.9547758102417,-4.1683874130249,-4.33284044265747,"COR"
"DA64022","nonHR",13.5411071777344,2.73824548721313,-2.37878561019897,"COR"
"DA64024","HR",-0.377908647060394,8.54058742523193,-8.09515953063965,"COR"
"DA64026","HR",13.8757743835449,-4.4858603477478,-3.23386836051941,"COR"
"DA64028","nonHR",13.8453712463379,3.19369316101074,-1.59775221347809,"COR"
"DA64032","nonHR",13.031400680542,-5.7353572845459,-4.26250553131104,"COR"
"DA64034","nonHR",13.5628099441528,-3.9465172290802,-3.46241354942322,"COR"
"DA64036","nonHR",-7.96621751785278,-3.00689435005188,5.550208568573,"COR"
"DA64038","nonHR",12.8906517028809,3.0470860004425,-2.00839638710022,"COR"
"DA64040","nonHR",12.8984413146973,2.91543650627136,-2.0471613407135,"COR"
"DA64042","nonHR",-9.09625625610352,-0.96996408700943,6.30529594421387,"COR"
"DA64044","nonHR",-6.83679342269897,-2.66110968589783,5.72594499588013,"COR"
"DA64046","nonHR",-5.65185117721558,-2.10435223579407,0.993592023849487,"COR"
"DA64048","nonHR",12.4271860122681,-5.02655076980591,-3.68280839920044,"COR"
"DA64050","nonHR",-9.19415950775146,-2.64519786834717,5.91536426544189,"COR"
"DA64052","nonHR",13.5151863098145,2.53096580505371,-2.45546770095825,"COR"
"DA64054","nonHR",13.0503025054932,-5.63825845718384,-3.94192934036255,"COR"
"DA64056","nonHR",13.9273662567139,-4.75442504882812,-4.69342517852783,"COR"
"DA64058","nonHR",-5.87427616119385,-1.86206543445587,1.89783775806427,"COR"
"DA64060","nonHR",-8.05548572540283,-1.65311694145203,6.07610177993774,"COR"
"DA64062","nonHR",14.0503482818604,-4.29114484786987,-4.20439767837524,"COR"
"DA64066","nonHR",13.6038751602173,2.62833213806152,-2.47339010238647,"COR"
