"strain","resistance","n.plasmids","n.beta.lac.3","n.beta.lac","min.dist.oriC.chrom","min.dist.oriC.plasmid","min.dist.oriC","med.dist.oriC.chrom","med.dist.oriC.plasmid","med.dist.oriC","n.genes.plus.chrom","n.genes.plus.plasmid","n.genes.plus","n.genes.plasmids","n.rep.chrom","n.rep.plasmid","n.rep.total","n.rep.cen.chrom","n.rep.cen.plasmid","n.rep.tot.cen","n.rep.100.chrom","n.rep.100.plasmid","n.rep.100.total","n.rep.100.cen.chrom","n.rep.100.cen.plasmid","n.rep.100.cen.tot","med.tot.rep.len.chrom","med.tot.rep.len.plasmid","med.tot.rep.len","med.rep.len.chrom","med.rep.len.plasmid","med.rep.len","max.rep.len.chrom","max.rep.len.plasmid","max.rep.len","max.rep.len.cen.chrom","max.rep.len.cen.plasmid","max.rep.len.cen","med.AR.len.chrom","med.AR.len.plasmid","med.AR.len","med.AR.len.cen.chrom","med.AR.len.cen.plasmid","med.AR.len.cen","min.AR.len.cen.chrom","min.AR.len.cen.plasmid","min.AR.len.cen","n.rep.chrom.ampC","n.rep.plasmid.ampC","n.rep.total.ampC","med.AR.len.chrom.ampC","med.AR.len.plasmid.ampC","med.AR.len.ampC","med.rep.len.chrom.ampC","med.rep.len.plasmid.ampC","med.rep.len.ampC","ampC.type.beta.lactamase","trimethoprim.resistant.dihydrofolate.reductase.dfr","APH.6.","APH.3...","sulfonamide.resistant.sul","TEM.beta.lactamase","streptothricin.acetyltransferase..SAT.","ANT.3...","macrolide.phosphotransferase..MPH.","APH.3..","CTX.M.beta.lactamase","chloramphenicol.acetyltransferase..CAT.","AAC.3.","OXA.beta.lactamase","AAC.6...Ib.cr","ANT.2...","fosfomycin.thiol.transferase","SHV.beta.lactamase","tetracycline.resistant.ribosomal.protection.protein","quinolone.resistance.protein..qnr."
"DA62886","HR",1,0,3,720571,7601,728172,1060148.5,7601,1067749.5,1,0,1,1,23,1,24,8,0,8,2,0,2,1,0,1,742.5,0,742.5,23,0,23,1311,0,1311,1311,0,1311,10036,0,10036,77353.5,0,77353.5,37574,0,37574,23,0,23,10036,0,10036,23,0,23,2,1,1,0,1,1,0,0,0,0,0,0,0,0,0,0,0,0,0,0
"DA62888","nonHR",0,0,2,3751509,0,3751509,4102338,0,4102338,2,0,2,0,34,0,34,7,0,7,6,0,6,0,0,0,99,0,99,34.5,0,34.5,151,0,151,35,0,35,1723,0,1723,41186,0,41186,31250,0,31250,34,0,34,1723,0,1723,34.5,0,34.5,2,0,0,0,0,0,0,0,0,0,0,0,0,0,0,0,0,0,0,0
"DA62890","nonHR",5,0,2,481647,0,481647,844299.5,0,844299.5,0,0,0,0,36,0,36,6,0,6,2,0,2,0,0,0,83,0,83,32,0,32,156,0,156,35,0,35,41971.5,0,41971.5,41138,0,41138,31247,0,31247,36,0,36,41971.5,0,41971.5,32,0,32,2,0,0,0,0,0,0,0,0,0,0,0,0,0,0,0,0,0,0,0
"DA62892","nonHR",5,1,4,0,133949,133949,0,388715.5,388715.5,0,2,2,4,0,27,27,0,10,10,0,8,8,0,6,6,0,736,736,0,76,76,0,1246,1246,0,1246,1246,0,1179,1179,0,63473.5,63473.5,0,6049,6049,0,15,15,0,288,288,0,76,76,3,1,1,1,1,1,0,0,0,0,0,0,0,0,0,0,0,0,0,0
"DA62894","nonHR",5,0,3,1382873,0,1382873,2159278,0,2159278,2,0,2,0,147,0,147,50,0,50,14,0,14,9,0,9,2907,0,2907,33,0,33,3150,0,3150,3150,0,3150,31021,0,31021,124786.5,0,124786.5,22790,0,22790,147,0,147,31021,0,31021,33,0,33,3,0,0,0,0,0,0,0,0,0,0,0,0,0,0,0,0,0,0,0
"DA62896","nonHR",1,0,3,1529974,0,1529974,3827565,0,3827565,2,0,2,0,118,0,118,26,0,26,2,0,2,0,0,0,344,0,344,26,0,26,144,0,144,38,0,38,543.5,0,543.5,159024.5,0,159024.5,87441,0,87441,118,0,118,543.5,0,543.5,26,0,26,3,0,0,0,0,0,0,0,0,0,0,0,0,0,0,0,0,0,0,0
"DA62898","nonHR",2,0,2,3617842,0,3617842,3971505.5,0,3971505.5,2,0,2,0,26,0,26,8,0,8,0,0,0,0,0,0,109,0,109,32,0,32,88,0,88,35,0,35,9989.5,0,9989.5,66634,0,66634,31236,0,31236,26,0,26,9989.5,0,9989.5,32,0,32,2,0,0,0,0,0,0,0,0,0,0,0,0,0,0,0,0,0,0,0
"DA62900","nonHR",5,0,2,3932721,0,3932721,4248140,0,4248140,1,0,1,0,19,0,19,6,0,6,1,0,1,0,0,0,83,0,83,27,0,27,106,0,106,35,0,35,10035,0,10035,41139,0,41139,31247,0,31247,19,0,19,10035,0,10035,27,0,27,2,1,0,0,0,0,1,0,0,0,0,0,0,0,0,0,0,0,0,0
"DA62902","nonHR",6,1,4,1485192,53426,1538618,3848244,53426,3901670,2,0,2,1,111,43,154,29,29,58,4,6,10,0,5,5,187,3908,314,31,35,33,1058,1201,1201,37,1201,1201,32087,11849,18587.5,127032,11855,60044.5,22790,8173,8173,111,0,111,32087,0,32087,31,0,31,3,0,1,1,1,1,0,0,0,0,0,0,0,0,0,0,0,0,0,0
"DA62904","nonHR",1,0,1,4505036,0,4505036,4505036,0,4505036,0,0,0,0,10,0,10,4,0,4,0,0,0,0,0,0,101,0,101,26,0,26,36,0,36,26,0,26,24327,0,24327,45997,0,45997,42429,0,42429,10,0,10,24327,0,24327,26,0,26,1,0,0,0,0,0,0,0,0,0,0,0,0,0,0,0,0,0,0,0
"DA62906","nonHR",4,0,2,0,1884,1884,0,88911,88911,0,0,0,2,0,24,24,0,12,12,0,2,2,0,2,2,0,494,494,0,34,34,0,324,324,0,324,324,0,24327,24327,0,44216,44216,0,10787,10787,0,10,10,0,24327,24327,0,26,26,1,1,0,0,1,1,0,1,0,0,0,0,0,0,0,0,0,0,0,0
"DA62908","nonHR",1,0,2,18246,0,18246,369068.5,0,369068.5,0,0,0,0,17,0,17,7,0,7,1,0,1,0,0,0,100.5,0,100.5,29,0,29,106,0,106,35,0,35,18701,0,18701,41185,0,41185,31250,0,31250,17,0,17,18701,0,18701,29,0,29,2,0,0,0,0,0,0,0,0,0,0,0,0,0,0,0,0,0,0,0
"DA62914","nonHR",2,0,2,517874,226048,743922,517874,226048,743922,0,1,1,1,15,56,71,7,18,25,0,1,1,0,0,0,198,474,336,27,26,26,35,117,117,35,53,53,31250,6971,11376,42618,175520.5,173800,31250,74736,31250,15,56,71,31250,6971,11376,27,26,26,2,0,0,0,0,0,0,0,0,0,0,0,0,0,0,0,0,0,0,0
"DA62916","nonHR",3,1,4,1121020,113137,1234157,2071692,155451,2227143,1,1,2,2,20,27,47,10,3,13,0,5,5,0,2,2,134,836.5,134,26.5,33,33,93,1786,1786,41,820,820,71289.5,8546,8630,97582.5,25570,93247,34082,23710,23710,20,3,23,71289.5,34183,67842,26.5,22,26,3,1,1,1,1,1,0,0,0,1,0,0,0,0,0,0,0,0,0,0
"DA62918","nonHR",1,0,3,372401,0,372401,3862585,0,3862585,3,0,3,0,32,0,32,9,0,9,1,0,1,1,0,1,481.5,0,481.5,22.5,0,22.5,768,0,768,768,0,768,11874,0,11874,88581,0,88581,23121,0,23121,23,0,23,10036,0,10036,23,0,23,2,0,0,0,1,1,0,0,0,0,0,0,0,0,0,0,0,0,0,0
"DA62920","HR",3,1,4,1346131,5728,1351859,3637742,5728,3643470,2,1,3,1,102,1,103,32,0,32,0,0,0,0,0,0,273,0,273,30.5,0,30.5,93,0,93,41,0,41,31060.5,0,31060.5,114439.5,0,114439.5,30953,0,30953,102,0,102,31060.5,0,31060.5,30.5,0,30.5,3,1,1,1,1,1,0,0,0,0,0,0,0,0,0,0,0,0,0,0
"DA62922","nonHR",5,0,2,3970865,1884,3972749,3970865,1884,3972749,0,0,0,1,1,6,7,0,0,0,0,0,0,0,0,0,0,0,0,0,32.5,32.5,0,49,49,0,0,0,0,304.5,304.5,0,0,0,0,0,0,1,0,1,0,0,0,0,0,0,1,1,0,0,1,1,0,1,0,0,0,0,0,0,0,0,0,0,0,0
"DA62926","nonHR",4,1,4,164643,65803,230446,2195567,65803,2261370,2,0,2,1,118,4,122,26,0,26,2,0,2,0,0,0,344,0,344,26,38.5,26,144,43,144,38,0,38,543.5,3318,584,159024.5,0,159024.5,87441,0,87441,118,0,118,543.5,0,543.5,26,0,26,3,0,0,0,0,0,0,0,0,0,1,0,0,0,0,0,0,0,0,0
"DA62928","nonHR",1,0,3,3562633,113752,3676385,3562633,442273,4004906,0,2,2,2,59,28,87,18,7,25,2,2,4,0,0,0,474,198,336,26,32,29,117,435,435,53,35,53,3189,16394.5,10768,175526.5,42522,173801,74736,31149,31149,59,13,72,3189,37471,11082.5,26,29,27.5,2,0,0,0,0,1,0,0,0,0,0,0,0,0,0,0,0,0,0,0
"DA62932","nonHR",0,0,3,1411730,0,1411730,3672637,0,3672637,2,0,2,0,24,0,24,6,0,6,0,0,0,0,0,0,65,0,65,24,0,24,99,0,99,22,0,22,268,0,268,141060,0,141060,85033,0,85033,24,0,24,268,0,268,24,0,24,3,0,0,0,0,0,0,0,0,0,0,0,0,0,0,0,0,0,0,0
"DA62934","nonHR",5,1,4,1510601,13560,1524161,2208167,13560,2221727,1,1,2,1,74,1,75,7,0,7,3,0,3,0,0,0,31,0,31,33,0,33,166,0,166,31,0,31,426,0,426,104217,0,104217,32453,0,32453,74,0,74,426,0,426,33,0,33,3,1,0,0,0,1,1,0,0,0,0,0,0,0,0,0,0,0,0,0
"DA62936","nonHR",0,0,3,1411730,0,1411730,3672637,0,3672637,2,0,2,0,24,0,24,6,0,6,0,0,0,0,0,0,65,0,65,24,0,24,99,0,99,22,0,22,268,0,268,141060,0,141060,85033,0,85033,24,0,24,268,0,268,24,0,24,3,0,0,0,0,0,0,0,0,0,0,0,0,0,0,0,0,0,0,0
"DA62938","nonHR",1,0,3,481519,0,481519,2798395,0,2798395,1,0,1,0,119,0,119,26,0,26,2,0,2,0,0,0,100,0,100,26,0,26,144,0,144,38,0,38,545,0,545,160223.5,0,160223.5,31129,0,31129,119,0,119,545,0,545,26,0,26,3,0,0,0,0,0,0,0,0,0,0,0,0,0,0,0,0,0,0,0
"DA62940","nonHR",1,0,2,2356629,1584062,3940691,2356629,1584062,3940691,0,1,1,1,14,12,26,8,7,15,1,0,1,0,0,0,233,198,215.5,24.5,29,26.5,106,35,106,53,35,53,109080.5,39329.5,41734.5,177321,41184,133224,74730,31248,31248,14,12,26,109080.5,39329.5,41734.5,24.5,29,26.5,2,0,0,0,0,0,0,0,0,0,0,0,0,0,0,0,0,0,0,0
"DA62942","nonHR",0,0,2,499331,0,499331,849047.5,0,849047.5,0,0,0,0,14,0,14,3,0,3,0,0,0,0,0,0,37,0,37,25.5,0,25.5,98,0,98,31,0,31,17578,0,17578,93367,0,93367,30987,0,30987,14,0,14,17578,0,17578,25.5,0,25.5,2,0,0,0,0,0,0,0,0,0,0,0,0,0,0,0,0,0,0,0
"DA62944","nonHR",0,0,2,3748965,0,3748965,4109720.5,0,4109720.5,2,0,2,0,28,0,28,16,0,16,0,0,0,0,0,0,226.5,0,226.5,26,0,26,86,0,86,53,0,53,41734.5,0,41734.5,138327,0,138327,31248,0,31248,28,0,28,41734.5,0,41734.5,26,0,26,2,0,0,0,0,0,0,0,0,0,0,0,0,0,0,0,0,0,0,0
"DA62946","HR",8,1,5,1411530,3451,1414981,3576711,17976.5,3594687.5,2,1,3,2,96,487,583,30,0,30,0,6,6,0,0,0,273,0,273,30.5,33,31,93,586,586,41,0,41,35602,603,666,127734.5,0,127734.5,30934,0,30934,96,0,96,35602,0,35602,30.5,0,30.5,3,1,2,2,2,2,0,1,0,1,0,1,0,0,0,0,0,0,0,0
"DA62948","nonHR",4,0,3,3760979,52435,3813414,4126490,52435,4178925,0,0,0,1,32,41,73,8,5,13,3,0,3,0,0,0,109,213,178,32,33,33,115,95,115,35,68,68,6975,8554,8554,66698.5,22622,37570,31249,22593,22593,32,0,32,6975,0,6975,32,0,32,2,0,0,0,0,1,0,0,0,0,0,0,0,0,0,0,0,0,0,0
"DA62950","nonHR",2,0,1,4462819,0,4462819,4462819,0,4462819,0,0,0,0,10,0,10,4,0,4,0,0,0,0,0,0,101,0,101,26,0,26,36,0,36,26,0,26,24327,0,24327,45997,0,45997,42429,0,42429,10,0,10,24327,0,24327,26,0,26,1,0,0,0,0,0,0,0,0,0,0,0,0,0,0,0,0,0,0,0
"DA62952","nonHR",6,0,3,93831,0,93831,2449806,0,2449806,1,0,1,0,95,0,95,26,0,26,0,0,0,0,0,0,100,0,100,26,0,26,94,0,94,38,0,38,7049,0,7049,161525.5,0,161525.5,31898,0,31898,95,0,95,7049,0,7049,26,0,26,3,0,0,0,0,0,0,0,0,0,0,0,0,0,0,0,0,0,0,0
"DA62954","HR",1,1,4,2857982,0,2857982,3395690,0,3395690,0,0,0,0,52,0,52,14,0,14,4,0,4,3,0,3,426,0,426,26,0,26,214,0,214,214,0,214,1723,0,1723,26272.5,0,26272.5,6808,0,6808,10,0,10,24326,0,24326,26,0,26,1,1,0,0,1,1,0,1,1,0,2,1,1,0,0,0,0,0,0,0
"DA62956","nonHR",4,0,2,3970144,1884,3972028,3970144,1884,3972028,0,0,0,1,10,10,20,4,4,8,0,1,1,0,1,1,101,904,502.5,26,39.5,32,36,768,768,26,768,768,24327,4840.5,17402,45997,45837,45997,42429,10787,10787,10,0,10,24327,0,24327,26,0,26,1,1,0,0,1,1,0,1,0,0,0,0,0,0,0,0,0,0,0,0
"DA62958","HR",6,1,4,1896552,71242,1967794,2599274,71242,2670516,2,0,2,1,3,2,5,0,2,2,0,0,0,0,0,0,0,48,48,0,24,24,0,26,26,0,26,26,0,62317,62317,0,62317,62317,0,53019,53019,3,0,3,0,0,0,0,0,0,3,0,0,0,0,1,0,0,0,0,0,0,0,0,0,0,0,0,0,0
"DA62960","nonHR",1,0,3,480261,0,480261,2777707,0,2777707,1,0,1,0,119,0,119,26,0,26,2,0,2,0,0,0,100,0,100,26,0,26,144,0,144,38,0,38,545,0,545,159025.5,0,159025.5,31121,0,31121,119,0,119,545,0,545,26,0,26,3,0,0,0,0,0,0,0,0,0,0,0,0,0,0,0,0,0,0,0
"DA62962","nonHR",2,0,2,1249097,0,1249097,1603807.5,0,1603807.5,2,0,2,0,22,0,22,7,0,7,0,0,0,0,0,0,174,0,174,23,0,23,86,0,86,33,0,33,9990.5,0,9990.5,88581,0,88581,37574,0,37574,22,0,22,9990.5,0,9990.5,23,0,23,2,0,0,0,0,0,0,0,0,0,0,0,0,0,0,0,0,0,0,0
"DA62964","nonHR",1,0,1,0,87214,87214,0,87214,87214,0,0,0,1,0,12,12,0,4,4,0,0,0,0,0,0,0,101,101,0,26,26,0,36,36,0,26,26,0,18552,18552,0,45997,45997,0,42429,42429,0,12,12,0,18552,18552,0,26,26,1,0,0,0,0,0,0,0,0,0,0,0,0,0,0,0,0,0,0,0
"DA62966","nonHR",1,0,2,433877,0,433877,801664,0,801664,0,0,0,0,38,0,38,11,0,11,3,0,3,0,0,0,148.5,0,148.5,25.5,0,25.5,466,0,466,35,0,35,42972.5,0,42972.5,88639,0,88639,31247,0,31247,38,0,38,42972.5,0,42972.5,25.5,0,25.5,2,0,0,0,0,0,0,0,0,0,0,0,0,0,0,0,0,0,0,0
"DA62968","nonHR",2,0,2,3834651,0,3834651,4164989,0,4164989,2,0,2,0,19,0,19,7,0,7,0,0,0,0,0,0,99,0,99,27,0,27,86,0,86,35,0,35,31249,0,31249,41185,0,41185,31249,0,31249,19,0,19,31249,0,31249,27,0,27,2,0,0,0,0,0,0,0,0,0,0,0,0,0,0,0,0,0,0,0
"DA62972","nonHR",2,0,3,319116,0,319116,990750,0,990750,2,0,2,0,29,0,29,14,0,14,1,0,1,1,0,1,310,0,310,27,0,27,1310,0,1310,1310,0,1310,63331,0,63331,98898,0,98898,34077,0,34077,29,0,29,63331,0,63331,27,0,27,3,0,0,0,0,0,0,0,0,0,0,0,0,0,0,0,0,0,0,0
"DA62976","nonHR",1,0,3,1424400,1088946,2513346,1424400,1407530,2831930,0,2,2,2,14,96,110,3,33,36,0,1,1,0,1,1,79,637.5,157,26.5,29,29,84,353,353,27,353,353,173,33405,29471,105121,98075,99067.5,105021,33355,33355,14,96,110,173,33405,29471,26.5,29,29,3,0,0,0,0,0,0,0,0,0,0,0,0,0,0,0,0,0,0,0
"DA62978","HR",3,1,4,1394531,43767,1438298,3636869,43767,3680636,2,0,2,1,25,12,37,9,7,16,0,7,7,0,3,3,33,1418,118,31,133.5,34,86,821,821,44,768,768,34183,21444.5,21462,102407,21462,58116,34764,21128,21128,25,0,25,34183,0,34183,31,0,31,3,0,0,0,0,0,0,0,0,0,0,0,1,1,1,0,0,0,0,0
"DA62980","nonHR",1,0,3,492098,0,492098,2759930,0,2759930,1,0,1,0,12,0,12,1,0,1,0,0,0,0,0,0,31,0,31,67,0,67,84,0,84,31,0,31,135,0,135,30983,0,30983,30983,0,30983,12,0,12,135,0,135,67,0,67,3,0,0,0,0,0,0,0,0,0,0,0,0,0,0,0,0,0,0,0
"DA62982","nonHR",0,0,3,1327696,0,1327696,3545668,0,3545668,2,0,2,0,39,0,39,21,0,21,0,0,0,0,0,0,53,0,53,29,0,29,93,0,93,44,0,44,76769,0,76769,138162,0,138162,34076,0,34076,39,0,39,76769,0,76769,29,0,29,3,0,0,0,0,0,0,0,0,0,0,0,0,0,0,0,0,0,0,0
"DA62984","nonHR",1,0,3,3699649,59500,3759149,4061250,59500,4120750,2,1,3,1,9,43,52,2,1,3,0,2,2,0,1,1,42,820,431,25,33,33,86,822,822,22,820,820,19460,8540,8547.5,120550.5,9230,91992,91992,9230,9230,9,0,9,19460,0,19460,25,0,25,2,1,1,1,1,1,0,0,0,0,0,0,0,0,0,0,0,0,0,0
"DA62986","nonHR",5,0,3,546515,0,546515,1289769,0,1289769,1,0,1,0,13,0,13,3,0,3,0,0,0,0,0,0,38.5,0,38.5,28,0,28,93,0,93,35,0,35,13367,0,13367,89989,0,89989,31351,0,31351,13,0,13,13367,0,13367,28,0,28,3,0,0,0,0,0,0,0,0,0,0,0,0,0,0,0,0,0,0,0
"DA62990","nonHR",1,0,1,3699240,0,3699240,3699240,0,3699240,1,0,1,0,10,0,10,3,0,3,0,0,0,0,0,0,78,0,78,29,0,29,36,0,36,26,0,26,18552,0,18552,45950,0,45950,42429,0,42429,10,0,10,18552,0,18552,29,0,29,1,0,0,0,0,0,0,0,0,0,0,0,0,0,0,0,0,0,0,0
"DA62992","nonHR",5,0,1,4027584,0,4027584,4027584,0,4027584,0,0,0,0,10,0,10,4,0,4,0,0,0,0,0,0,101,0,101,26,0,26,36,0,36,26,0,26,24327,0,24327,47250,0,47250,43682,0,43682,10,0,10,24327,0,24327,26,0,26,1,0,0,0,0,0,0,0,0,0,0,0,0,0,0,0,0,0,0,0
"DA62994","nonHR",2,0,2,4135883,63008,4198891,4135883,63008,4198891,0,1,1,1,10,45,55,4,5,9,0,11,11,0,0,0,101,229,165,26,71,46,36,823,823,26,71,71,24326,12817,12874,45996,75076,46043,42429,27407,27407,10,0,10,24326,0,24326,26,0,26,1,1,1,1,2,1,0,1,1,0,0,0,1,0,0,0,0,0,0,0
"DA62996","nonHR",2,0,2,3755119,0,3755119,4120629.5,0,4120629.5,2,0,2,0,31,0,31,8,0,8,3,0,3,0,0,0,109,0,109,33,0,33,124,0,124,35,0,35,3585,0,3585,66698,0,66698,31249,0,31249,31,0,31,3585,0,3585,33,0,33,2,0,0,0,0,0,0,0,0,0,0,0,0,0,0,0,0,0,0,0
"DA62998","HR",10,0,2,3894398,19669,3914067,3894398,19669,3914067,0,1,1,1,10,7,17,4,2,6,0,1,1,0,0,0,101,75,88,26,46,26,36,207,207,26,46,46,24327,6853,18599,45997,27379.5,44189.5,42429,27371,27371,10,0,10,24327,0,24327,26,0,26,1,0,0,0,0,1,0,0,0,0,0,0,0,0,0,0,0,0,0,0
"DA63000","nonHR",0,0,2,715769,0,715769,1124923.5,0,1124923.5,2,0,2,0,31,0,31,17,0,17,0,0,0,0,0,0,236,0,236,26,0,26,86,0,86,46,0,46,42522,0,42522,148843,0,148843,32586,0,32586,31,0,31,42522,0,42522,26,0,26,2,0,0,0,0,0,0,0,0,0,0,0,0,0,0,0,0,0,0,0
"DA63002","HR",9,1,5,524793,6390,531183,1717770,46200,1763970,1,3,4,3,83,36,119,19,5,24,0,2,2,0,0,0,240,118,118,30,35,30.5,99,145,145,35,37,37,18862,16953,17522,105125,91469,98019.5,22790,34637,22790,83,11,94,18862,41575,18937,30,23,30,3,1,1,1,1,2,0,1,1,0,0,0,0,0,0,0,0,0,0,0
"DA63006","nonHR",6,0,2,3816622,0,3816622,4188226.5,0,4188226.5,2,0,2,0,87,0,87,31,0,31,3,0,3,0,0,0,405.5,0,405.5,26,0,26,112,0,112,53,0,53,11330,0,11330,175663,0,175663,37574,0,37574,87,0,87,11330,0,11330,26,0,26,2,0,0,0,0,0,0,0,0,0,0,0,0,0,0,0,0,0,0,0
"DA63010","nonHR",5,0,2,1802795,0,1802795,2179917,0,2179917,2,0,2,0,39,0,39,8,0,8,12,0,12,0,0,0,109,0,109,52,0,52,205,0,205,35,0,35,319,0,319,66641,0,66641,31250,0,31250,39,0,39,319,0,319,52,0,52,2,0,0,0,0,0,0,0,0,0,0,0,0,0,0,0,0,0,0,0
"DA63012","HR",3,0,3,388947,46689,435636,751611,46689,798300,0,0,0,1,41,35,76,7,12,19,14,12,26,0,8,8,93,4987,146,52,63,61,214,822,822,35,822,822,328,4839,3521.5,41185,17583.5,20139,31247,6496,6496,41,0,41,328,0,328,52,0,52,2,1,1,1,1,1,0,0,1,0,0,0,0,0,0,0,0,0,0,0
"DA63014","nonHR",1,0,1,4141941,0,4141941,4141941,0,4141941,0,0,0,0,10,0,10,4,0,4,0,0,0,0,0,0,101,0,101,26,0,26,36,0,36,26,0,26,24327,0,24327,45997,0,45997,42429,0,42429,10,0,10,24327,0,24327,26,0,26,1,0,0,0,0,0,0,0,1,0,0,0,0,0,0,0,0,0,0,0
"DA63016","nonHR",3,0,2,1103622,1033910,2137532,1103622,1033910,2137532,1,1,2,1,13,56,69,7,18,25,0,1,1,0,0,0,198,474,336,29,26,26,35,117,117,35,53,53,37471,6971,11377,42522,175526.5,173801,31149,74736,31149,13,56,69,37471,6971,11377,29,26,26,2,0,0,0,0,0,0,0,0,0,0,0,0,0,0,0,0,0,0,0
"DA63020","nonHR",1,1,4,1585813,0,1585813,4229342.5,0,4229342.5,2,0,2,0,50,0,50,9,0,9,14,0,14,1,0,1,64.5,0,64.5,47.5,0,47.5,824,0,824,820,0,820,9449.5,0,9449.5,93751,0,93751,6705,0,6705,38,0,38,6966,0,6966,44,0,44,3,1,1,1,1,1,0,0,0,0,0,1,0,0,0,0,0,0,0,0
"DA63022","nonHR",6,0,3,1336860,0,1336860,3540404,0,3540404,2,0,2,0,128,0,128,37,0,37,1,0,1,0,0,0,386,0,386,29.5,0,29.5,225,0,225,41,0,41,22196.5,0,22196.5,130490,0,130490,22790,0,22790,128,0,128,22196.5,0,22196.5,29.5,0,29.5,3,0,0,0,0,0,0,0,0,0,0,0,0,0,0,0,0,0,0,0
"DA63024","nonHR",1,0,3,383517,0,383517,2484151,0,2484151,1,0,1,0,32,0,32,17,0,17,0,0,0,0,0,0,89,0,89,31.5,0,31.5,93,0,93,37,0,37,72569,0,72569,105596,0,105596,31052,0,31052,32,0,32,72569,0,72569,31.5,0,31.5,3,0,0,0,0,0,0,0,0,0,0,0,0,0,0,0,0,0,0,0
"DA63026","nonHR",4,0,2,3970865,1884,3972749,3970865,1884,3972749,0,0,0,1,10,10,20,4,4,8,0,1,1,0,1,1,101,904,502.5,26,39.5,32,36,768,768,26,768,768,24327,4840.5,17402,45997,45837,45997,42429,10787,10787,10,0,10,24327,0,24327,26,0,26,1,1,0,0,1,1,0,1,0,0,0,0,0,0,0,0,0,0,0,0
"DA63028","nonHR",1,0,2,3708912,0,3708912,4059742.5,0,4059742.5,2,0,2,0,39,0,39,7,0,7,11,0,11,0,0,0,99,0,99,43,0,43,196,0,196,35,0,35,319,0,319,41186,0,41186,31250,0,31250,39,0,39,319,0,319,43,0,43,2,0,0,0,0,0,0,0,0,0,0,0,0,0,0,0,0,0,0,0
"DA63030","HR",4,1,4,1157048,62798,1219846,4700675,62798,4763473,1,1,2,1,36,54,90,10,10,20,8,8,16,4,0,4,1662,372,1017,32,45.5,36,822,821,822,822,71,822,3164,10201.5,10154,44189.5,60460,56873.5,8837,25793,8837,10,0,10,24327,0,24327,26,0,26,1,1,1,1,2,1,0,1,1,0,1,0,2,1,1,0,0,0,0,0
"DA63032","nonHR",4,1,4,1370307,39191,1409498,3730569,39191,3769760,2,0,2,1,36,42,78,17,3,20,0,0,0,0,0,0,91,130,110.5,26,31,29,93,90,93,41,68,68,32623,3558,8629.5,93778,22622,89537.5,31064,22593,22593,36,0,36,32623,0,32623,26,0,26,3,0,0,0,0,1,0,0,0,0,0,0,0,0,0,0,0,0,0,0
"DA63034","nonHR",2,0,3,496325,26896,523221,1232306,26896,1259202,1,0,1,1,13,210,223,5,0,5,0,9,9,0,0,0,72,0,72,31,36,36,84,1653,1653,33,0,33,30998,540.5,541,107023,0,107023,30998,0,30998,13,0,13,30998,0,30998,31,0,31,2,1,0,0,1,1,0,0,0,0,0,0,0,0,0,0,0,0,0,0
"DA63036","nonHR",3,0,3,1934904,0,1934904,2637907,0,2637907,2,0,2,0,115,0,115,19,0,19,2,0,2,0,0,0,495,0,495,26,0,26,144,0,144,38,0,38,363,0,363,160326,0,160326,88499,0,88499,115,0,115,363,0,363,26,0,26,3,0,0,0,0,0,0,0,0,0,0,0,0,0,0,0,0,0,0,0
"DA63038","HR",1,0,2,3724722,7784,3732506,3724722,7784,3732506,1,1,2,1,10,1,11,3,0,3,0,0,0,0,0,0,78,0,78,29,0,29,36,0,36,26,0,26,18552,0,18552,45950,0,45950,42429,0,42429,10,0,10,18552,0,18552,29,0,29,1,0,0,0,0,1,0,0,0,0,0,0,0,0,0,0,0,0,0,0
"DA63040","HR",2,0,3,331235,36744,367979,727465.5,36744,764209.5,0,0,0,1,43,1,44,6,0,6,1,0,1,0,0,0,83,0,83,29,0,29,106,0,106,35,0,35,425,0,425,41139,0,41139,31247,0,31247,43,0,43,425,0,425,29,0,29,2,0,0,0,0,1,0,0,0,0,0,0,0,0,0,0,0,0,0,0
"DA63042","nonHR",0,0,2,3829019,0,3829019,4211120.5,0,4211120.5,2,0,2,0,87,0,87,31,0,31,3,0,3,0,0,0,405.5,0,405.5,26,0,26,112,0,112,53,0,53,11330,0,11330,175673,0,175673,37575,0,37575,87,0,87,11330,0,11330,26,0,26,2,0,0,0,0,0,0,0,0,0,0,0,0,0,0,0,0,0,0,0
"DA63044","nonHR",1,0,2,3768017,0,3768017,4121210.5,0,4121210.5,2,0,2,0,31,0,31,17,0,17,0,0,0,0,0,0,236,0,236,26,0,26,86,0,86,46,0,46,41186,0,41186,147289,0,147289,31250,0,31250,31,0,31,41186,0,41186,26,0,26,2,0,0,0,0,0,0,0,0,0,0,0,0,0,0,0,0,0,0,0
"DA63046","HR",5,1,5,1741295,10579,1751874,3680519,23336.5,3703855.5,1,1,2,2,33,47,80,16,4,20,0,4,4,0,0,0,64,296,180,25,43,31.5,93,821,821,41,93,93,34183,6303,6903,94881,55442.5,89537.5,31839,55423,31839,33,0,33,34183,0,34183,25,0,25,3,1,2,2,3,2,0,0,0,0,0,0,0,0,0,0,0,0,0,0
"DA63048","nonHR",4,1,4,297918,49871,347789,1063622,49871,1113493,1,0,1,1,90,28,118,21,2,23,0,5,5,0,2,2,100,717,266,26,36,31,94,820,820,38,487,487,1853.5,5312,4098.5,155653,19492.5,149366,31121,19364,19364,90,0,90,1853.5,0,1853.5,26,0,26,3,1,0,0,2,1,0,1,0,0,0,0,0,0,0,0,0,0,0,0
"DA63050","nonHR",3,0,2,3895069,0,3895069,4256623.5,0,4256623.5,2,0,2,0,23,0,23,8,0,8,0,0,0,0,0,0,97,0,97,23,0,23,86,0,86,33,0,33,10036,0,10036,104589,0,104589,37574,0,37574,23,0,23,10036,0,10036,23,0,23,2,0,0,0,0,0,0,0,0,0,0,0,0,0,0,0,0,0,0,0
"DA63052","nonHR",3,0,3,1790328,52434,1842762,2166844,52434,2219278,2,0,2,1,43,41,84,8,5,13,16,0,16,0,0,0,109,213,178,70,33,35.5,241,95,241,35,68,68,355,8554,4442.5,66641,22622,37571,31250,22593,22593,43,0,43,355,0,355,70,0,70,2,0,0,0,0,1,0,0,0,0,0,0,0,0,0,0,0,0,0,0
"DA63054","nonHR",1,1,4,1586850,24924,1611774,4035837,24924,4060761,2,1,3,1,26,13,39,8,10,18,0,7,7,0,4,4,65,3423,82.5,34,712,46,86,821,821,29,821,821,302,38697,17187,109677,50371.5,65256.5,65008,20691,20691,26,0,26,302,0,302,34,0,34,3,1,1,1,2,0,0,1,1,0,1,0,0,0,0,0,0,0,0,0
"DA63056","nonHR",4,0,2,3905739,0,3905739,4284172.5,0,4284172.5,2,0,2,0,93,0,93,32,0,32,3,0,3,0,0,0,408,0,408,26,0,26,113,0,113,42,0,42,3061,0,3061,173848.5,0,173848.5,31214,0,31214,93,0,93,3061,0,3061,26,0,26,2,0,0,0,1,0,0,0,0,0,0,0,0,0,0,0,0,0,0,0
"DA63058","nonHR",3,0,3,1792377,57923,1850300,2168893,57923,2226816,2,0,2,1,32,43,75,8,5,13,5,2,7,0,0,0,109,213,178,34.5,33,34,142,1041,1041,35,68,68,1869,8554,8546,66641,28110,37571,31250,28081,28081,32,0,32,1869,0,1869,34.5,0,34.5,2,0,0,0,0,1,0,0,0,0,0,0,0,0,0,0,0,0,0,0
"DA63060","nonHR",2,0,3,382823,5006,387829,705780.5,5006,710786.5,0,0,0,1,20,18,38,7,0,7,1,3,4,0,0,0,93,0,93,26,35.5,31,106,521,521,35,0,35,36259,6970.5,8691.5,41186,0,41186,31247,0,31247,20,0,20,36259,0,36259,26,0,26,2,0,0,0,0,1,0,0,1,0,0,0,0,0,0,0,0,0,0,0
"DA63064","nonHR",3,0,3,331492,0,331492,1120542,0,1120542,0,0,0,0,41,0,41,10,0,10,3,0,3,1,0,1,169,0,169,28,0,28,820,0,820,820,0,820,651,0,651,85468,0,85468,7124,0,7124,15,0,15,31248,0,31248,27,0,27,2,0,1,1,1,1,0,0,0,0,0,1,0,0,0,0,0,0,0,0
"DA63066","nonHR",4,0,2,3905735,0,3905735,4284168.5,0,4284168.5,2,0,2,0,93,0,93,32,0,32,3,0,3,0,0,0,408,0,408,26,0,26,113,0,113,42,0,42,3061,0,3061,173848.5,0,173848.5,31214,0,31214,93,0,93,3061,0,3061,26,0,26,2,0,0,0,1,0,0,0,0,0,0,0,0,0,0,0,0,0,0,0
"DA63068","nonHR",8,0,3,586125,182118,768243,586125,511677.5,1097802.5,1,0,1,2,13,24,37,0,6,6,1,0,1,0,0,0,0,63.5,63.5,32,21,26,101,80,101,0,26,26,168,4410.5,261,0,110864.5,110864.5,0,54863,54863,13,24,37,168,4410.5,261,32,21,26,3,0,0,0,0,0,0,0,0,0,0,0,0,0,0,0,0,0,0,0
"DA63072","HR",4,0,1,3844401,0,3844401,3844401,0,3844401,0,0,0,0,10,0,10,4,0,4,0,0,0,0,0,0,101,0,101,26,0,26,36,0,36,26,0,26,24327,0,24327,45997,0,45997,42429,0,42429,10,0,10,24327,0,24327,26,0,26,1,0,0,0,0,0,0,0,0,0,0,0,0,0,0,0,0,0,0,0
"DA63074","nonHR",2,0,2,3609790,0,3609790,4003563,0,4003563,2,0,2,0,69,0,69,25,0,25,1,0,1,0,0,0,336,0,336,26,0,26,117,0,117,53,0,53,11377,0,11377,173801,0,173801,31149,0,31149,69,0,69,11377,0,11377,26,0,26,2,0,0,0,0,0,0,0,0,0,0,0,0,0,0,0,0,0,0,0
"DA63078","nonHR",4,0,3,313421,0,313421,977198,0,977198,2,0,2,0,105,0,105,28,0,28,0,0,0,0,0,0,174,0,174,30,0,30,93,0,93,37,0,37,22583,0,22583,105012,0,105012,22790,0,22790,105,0,105,22583,0,22583,30,0,30,3,0,0,0,0,0,0,0,0,0,0,0,0,0,0,0,0,0,0,0
"DA63080","nonHR",2,0,3,138384,434210,572594,456620,434210,890830,0,0,0,1,99,14,113,26,1,27,2,2,4,0,0,0,335.5,27,273,30,68.5,30,139,324,324,41,27,41,22583,1799.5,20082,104970.5,136040,105017,30934,136040,30934,99,14,113,22583,1799.5,20082,30,68.5,30,3,0,1,1,1,0,0,0,0,1,0,1,0,0,0,0,0,0,0,0
"DA63082","HR",3,1,4,607744,8380,616124,1647824,94908,1742732,1,1,2,2,30,5,35,13,3,16,0,1,1,0,1,1,165,431,168.5,25,33,26,93,763,763,41,763,763,32081.5,6883,30081,93778,1876,93231,34082,1796,1796,30,3,33,32081.5,34183,34082,25,22,24,3,0,1,1,2,1,0,0,0,1,0,1,0,0,0,0,0,0,0,0
"DA63084","nonHR",1,0,3,1845742,0,1845742,2503379,0,2503379,2,0,2,0,29,0,29,14,0,14,1,0,1,1,0,1,33,0,33,28,0,28,1290,0,1290,1290,0,1290,59274,0,59274,94821.5,0,94821.5,34077,0,34077,29,0,29,59274,0,59274,28,0,28,3,0,0,0,0,0,0,0,0,0,0,0,0,0,0,0,0,0,0,0
"DA63088","nonHR",2,0,2,1804121,0,1804121,2180617.5,0,2180617.5,2,0,2,0,31,0,31,8,0,8,4,0,4,0,0,0,109,0,109,34,0,34,133,0,133,35,0,35,3491,0,3491,66641,0,66641,31250,0,31250,31,0,31,3491,0,3491,34,0,34,2,0,0,0,0,0,0,0,0,0,0,0,0,0,0,0,0,0,0,0
"DA63092","nonHR",3,0,3,178489,0,178489,2187594,0,2187594,2,0,2,0,116,0,116,26,0,26,2,0,2,0,0,0,344,0,344,26,0,26,144,0,144,38,0,38,584,0,584,158792.5,0,158792.5,87209,0,87209,116,0,116,584,0,584,26,0,26,3,0,0,0,0,0,0,0,0,0,0,0,0,0,0,0,0,0,0,0
"DA63094","nonHR",1,0,2,2878144,0,2878144,3707218,0,3707218,1,0,1,0,70,0,70,2,0,2,0,0,0,0,0,0,25.5,0,25.5,29,0,29,88,0,88,31,0,31,396.5,0,396.5,57936.5,0,57936.5,30975,0,30975,70,0,70,396.5,0,396.5,29,0,29,2,0,0,0,0,0,0,0,0,0,0,0,0,0,0,0,0,0,0,0
"DA63096","nonHR",0,0,2,1270395,0,1270395,1647606,0,1647606,2,0,2,0,93,0,93,32,0,32,3,0,3,0,0,0,408,0,408,26,0,26,113,0,113,42,0,42,3061,0,3061,173848.5,0,173848.5,31214,0,31214,93,0,93,3061,0,3061,26,0,26,2,0,0,0,0,0,0,0,0,0,0,0,0,0,0,0,0,0,0,0
"DA63100","nonHR",1,0,2,3452007,0,3452007,3800343,0,3800343,2,0,2,0,26,0,26,9,0,9,2,0,2,1,0,1,488,0,488,32,0,32,768,0,768,768,0,768,16373.5,0,16373.5,100599,0,100599,33771,0,33771,26,0,26,16373.5,0,16373.5,32,0,32,2,0,0,0,0,0,0,0,0,0,0,0,0,0,0,0,0,0,0,0
"DA63102","nonHR",1,0,3,1449548,0,1449548,3713232,0,3713232,2,0,2,0,23,0,23,6,0,6,1,0,1,0,0,0,42,0,42,49,0,49,647,0,647,29,0,29,268,0,268,108187,0,108187,30986,0,30986,23,0,23,268,0,268,49,0,49,3,0,0,0,0,0,0,0,0,0,0,0,0,0,0,0,0,0,0,0
"DA63104","nonHR",1,1,4,403003,0,403003,1100035,0,1100035,1,0,1,0,79,0,79,12,0,12,5,0,5,0,0,0,76,0,76,26,0,26,206,0,206,36,0,36,623,0,623,108655,0,108655,37574,0,37574,26,0,26,25643,0,25643,23,0,23,2,0,0,0,0,0,0,0,0,0,2,0,0,0,0,0,0,0,0,0
"DA63106","HR",3,1,4,1316333,59624,1375957,3539615,59624,3599239,2,0,2,1,116,60,176,39,13,52,1,3,4,0,1,1,374,651,464.5,26.5,35.5,29,206,133,206,41,129,129,26305.5,3287.5,17607,124854,41133,97676.5,22790,20816,20816,116,0,116,26305.5,0,26305.5,26.5,0,26.5,3,0,1,1,0,1,0,0,0,0,0,0,0,0,0,0,0,0,0,0
"DA63108","nonHR",1,0,3,2051366,0,2051366,4025515,0,4025515,1,0,1,0,22,0,22,7,0,7,1,0,1,0,0,0,65,0,65,44,0,44,647,0,647,29,0,29,268,0,268,108237,0,108237,30986,0,30986,22,0,22,268,0,268,44,0,44,3,0,0,0,0,0,0,0,0,0,0,0,0,0,0,0,0,0,0,0
"DA63110","nonHR",0,0,2,3645182,0,3645182,4076823.5,0,4076823.5,2,0,2,0,69,0,69,25,0,25,1,0,1,0,0,0,336,0,336,26,0,26,117,0,117,53,0,53,11377,0,11377,173801,0,173801,31149,0,31149,69,0,69,11377,0,11377,26,0,26,2,0,0,0,0,0,0,0,0,0,0,0,0,0,0,0,0,0,0,0
"DA63112","nonHR",2,0,3,383097,40212,423309,742508,40212,782720,0,1,1,1,20,15,35,7,0,7,1,3,4,0,0,0,93,0,93,26,37,32,106,330,330,35,0,35,36259,5383,8672,41186,0,41186,31247,0,31247,20,0,20,36259,0,36259,26,0,26,2,0,0,0,0,1,0,0,0,0,0,0,0,0,0,0,0,0,0,0
"DA63118","nonHR",0,0,2,2283030,0,2283030,2656227,0,2656227,2,0,2,0,17,0,17,7,0,7,0,0,0,0,0,0,94.5,0,94.5,26,0,26,86,0,86,35,0,35,10036,0,10036,41143,0,41143,31202,0,31202,17,0,17,10036,0,10036,26,0,26,2,0,0,0,0,0,0,0,0,0,0,0,0,0,0,0,0,0,0,0
"DA63120","nonHR",5,1,5,1336103,11376,1347479,3485328,53002,3538330,2,1,3,2,30,69,99,12,35,47,0,2,2,0,1,1,33,847,247,26.5,29,29,93,821,821,38,629,629,32020.5,6006,6619,94758.5,24667,24675,34082,5991,5991,30,0,30,32020.5,0,32020.5,26.5,0,26.5,3,1,1,1,2,2,0,1,1,0,0,0,0,0,0,0,0,0,0,0
"DA63122","HR",4,1,4,1581445,73053,1654498,3915816,73053,3988869,2,1,3,1,32,64,96,5,6,11,3,5,8,0,2,2,64.5,619,100,45.5,35,41,719,768,768,29,319,319,6058.5,335.5,341.5,109627,34173.5,55194,30985,18557,18557,32,0,32,6058.5,0,6058.5,45.5,0,45.5,3,1,1,1,1,1,0,0,0,0,0,0,0,0,0,0,0,0,0,0
"DA63124","nonHR",2,0,2,381472,0,381472,2459963.5,0,2459963.5,0,0,0,0,63,0,63,24,0,24,1,0,1,0,0,0,321.5,0,321.5,27,0,27,106,0,106,46,0,46,10035,0,10035,174260.5,0,174260.5,31248,0,31248,63,0,63,10035,0,10035,27,0,27,2,0,0,0,0,0,0,0,0,0,0,0,0,0,0,0,0,0,0,0
"DA63126","HR",2,1,4,28911,233000,261911,204686,233000,437686,2,0,2,1,82,12,94,10,0,10,2,0,2,0,0,0,228,0,228,26,57,31,249,84,249,28,0,28,678.5,163.5,467,150080.5,0,150080.5,90184,0,90184,81,12,93,639,163.5,451,26,57,31,3,0,0,0,0,1,0,0,0,0,0,0,0,0,0,0,0,0,0,0
"DA63128","nonHR",1,0,2,2033459,0,2033459,2465802.5,0,2465802.5,0,0,0,0,22,0,22,9,0,9,1,0,1,0,0,0,112.5,0,112.5,23,0,23,106,0,106,33,0,33,35752.5,0,35752.5,91227,0,91227,32598,0,32598,22,0,22,35752.5,0,35752.5,23,0,23,2,0,0,0,0,0,0,0,0,0,0,0,0,0,0,0,0,0,0,0
"DA63130","nonHR",8,1,5,1475031,28818,1503849,3823686,58034.5,3881720.5,2,1,3,2,15,8,23,1,2,3,1,5,6,0,1,1,20,736,378,76,312,76,658,1009,1009,20,713,713,268,5086,4877,87552,31178.5,34002,87552,28355,28355,15,0,15,268,0,268,76,0,76,3,0,0,0,0,1,0,0,0,0,1,0,1,0,0,0,0,0,0,0
"DA63134","nonHR",0,0,3,1417207,466394,1883601,1417207,792102.5,2209309.5,0,0,0,2,7,27,34,2,17,19,0,0,0,0,0,0,53,240.5,91,76,31,31,83,93,93,27,41,41,168,80226,72392.5,136197,138615,137983,134411,31114,31114,7,27,34,168,80226,72392.5,76,31,31,3,0,0,0,0,0,0,0,0,0,0,0,0,0,0,0,0,0,0,0
"DA63136","nonHR",9,0,2,209536,0,209536,523390,0,523390,2,0,2,0,86,0,86,17,0,17,11,0,11,0,0,0,235.5,0,235.5,30.5,0,30.5,507,0,507,37,0,37,20650.5,0,20650.5,131211,0,131211,28812,0,28812,86,0,86,20650.5,0,20650.5,30.5,0,30.5,2,1,0,0,1,0,0,1,0,0,0,0,0,0,0,0,0,0,0,0
"DA63138","HR",1,0,1,3622133,0,3622133,3622133,0,3622133,1,0,1,0,10,0,10,3,0,3,0,0,0,0,0,0,78,0,78,29,0,29,36,0,36,26,0,26,18552,0,18552,45950,0,45950,42429,0,42429,10,0,10,18552,0,18552,29,0,29,1,0,0,0,0,0,0,0,0,0,0,0,0,0,0,0,0,0,0,0
"DA63140","nonHR",3,0,2,1304149,0,1304149,1680178.5,0,1680178.5,0,0,0,0,18,0,18,8,0,8,1,0,1,0,0,0,117.5,0,117.5,29,0,29,106,0,106,37,0,37,34410.5,0,34410.5,67377.5,0,67377.5,31250,0,31250,18,0,18,34410.5,0,34410.5,29,0,29,2,0,1,1,1,0,0,0,0,0,0,0,0,0,0,0,0,0,0,0
"DA63142","nonHR",1,1,4,1343806,67070,1410876,3558212,67070,3625282,2,1,3,1,28,99,127,11,8,19,0,11,11,0,3,3,140,2684,247,25,39,36,93,1310,1310,38,1309,1309,32019,10242,19120,93652,43380.5,76762,34079,5006,5006,28,0,28,32019,0,32019,25,0,25,3,0,1,1,0,1,0,0,0,0,0,0,0,0,0,0,0,0,0,0
"DA63144","HR",2,0,3,349009,4337,353346,349009,9595.5,358604.5,0,0,0,2,17,7,24,7,0,7,0,0,0,0,0,0,174,0,174,23,22.5,23,33,26,33,33,0,33,13712,161.5,9945,88581,0,88581,37574,0,37574,17,6,23,13712,161.5,9945,23,22.5,23,2,0,0,0,1,1,0,0,0,0,0,0,0,0,0,0,0,0,0,0
"DA63146","HR",1,0,3,80373,618788,699161,1912921.5,618788,2531709.5,2,1,3,1,35,9,44,11,1,12,6,0,6,2,0,2,418,20,198,29,20,29,865,86,865,460,20,460,4927,3287,4684.5,37572,91669,40050.5,3556,91669,3556,15,9,24,31250,3287,22481,27,20,23.5,2,1,1,1,1,1,1,0,0,1,0,1,0,0,0,0,0,0,0,0
"DA63148","nonHR",0,0,2,0,140007,140007,0,618284.5,618284.5,0,2,2,2,0,17,17,0,7,7,0,0,0,0,0,0,0,99,99,0,29,29,0,86,86,0,35,35,0,31249,31249,0,41185,41185,0,31249,31249,0,17,17,0,31249,31249,0,29,29,2,0,0,0,0,0,0,0,0,0,0,0,0,0,0,0,0,0,0,0
"DA63150","HR",1,0,3,1194078,0,1194078,4820324,0,4820324,1,0,1,0,56,0,56,18,0,18,30,0,30,14,0,14,4924,0,4924,359,0,359,822,0,822,822,0,822,9611,0,9611,35245,0,35245,12382,0,12382,10,0,10,24327,0,24327,26,0,26,1,0,0,0,1,0,0,0,1,0,1,0,1,1,1,1,0,0,0,0
"DA63152","nonHR",2,1,4,1351516,57923,1409439,3613271,57923,3671194,2,0,2,1,36,41,77,16,3,19,0,2,2,0,0,0,91,130,110.5,26,33,31,93,1041,1041,41,68,68,31113,8552,8630,93230,30069,86390,31063,30040,30040,36,0,36,31113,0,31113,26,0,26,3,0,0,0,0,1,0,0,0,0,0,0,0,0,0,0,0,0,0,0
"DA63154","nonHR",4,0,1,406242,0,406242,406242,0,406242,0,0,0,0,10,0,10,4,0,4,0,0,0,0,0,0,101,0,101,26,0,26,36,0,36,26,0,26,24327,0,24327,45997,0,45997,42429,0,42429,10,0,10,24327,0,24327,26,0,26,1,0,0,0,0,0,0,0,0,0,0,0,0,0,0,0,0,0,0,0
"DA63156","nonHR",0,0,2,668224,157390,825614,668224,157390,825614,1,0,1,1,19,12,31,11,6,17,0,0,0,0,0,0,294,178,236,22,29,26,86,35,86,46,35,46,144776,35746.5,42522,182382,42475,148066,75298,32586,32586,19,12,31,144776,35746.5,42522,22,29,26,2,0,0,0,0,0,0,0,0,0,0,0,0,0,0,0,0,0,0,0
"DA63158","nonHR",5,0,3,1205416,0,1205416,2299499,0,2299499,1,0,1,0,38,0,38,6,0,6,4,0,4,2,0,2,871,0,871,32,0,32,821,0,821,821,0,821,366,0,366,44189.5,0,44189.5,13934,0,13934,10,0,10,24327,0,24327,26,0,26,1,0,0,0,0,0,0,0,0,0,1,0,1,1,1,0,0,0,0,0
"DA63160","HR",6,0,3,3788563,3073,3791636,4186344.5,3073,4189417.5,2,1,3,1,43,1,44,8,0,8,2,0,2,0,0,0,97,0,97,30,0,30,143,0,143,33,0,33,1113,0,1113,107372.5,0,107372.5,37574,0,37574,43,0,43,1113,0,1113,30,0,30,2,0,0,0,0,1,0,0,0,0,0,0,0,0,0,0,0,0,0,0
"DA63162","nonHR",2,0,2,3610413,0,3610413,3948874.5,0,3948874.5,2,0,2,0,55,0,55,9,0,9,24,0,24,0,0,0,127.5,0,127.5,79,0,79,313,0,313,37,0,37,463,0,463,89976,0,89976,31250,0,31250,55,0,55,463,0,463,79,0,79,2,0,0,0,0,0,0,0,0,0,0,0,0,0,0,0,0,0,0,0
"DA63166","nonHR",1,0,3,544031,0,544031,1185338,0,1185338,2,0,2,0,24,0,24,7,0,7,0,0,0,0,0,0,33,0,33,32.5,0,32.5,93,0,93,37,0,37,2534.5,0,2534.5,87199,0,87199,34639,0,34639,24,0,24,2534.5,0,2534.5,32.5,0,32.5,3,0,0,0,0,0,0,0,0,0,0,0,0,0,0,0,0,0,0,0
"DA63168","nonHR",1,0,2,3706965,0,3706965,4057796,0,4057796,2,0,2,0,42,0,42,7,0,7,14,0,14,0,0,0,99,0,99,56.5,0,56.5,223,0,223,35,0,35,346,0,346,41186,0,41186,31250,0,31250,42,0,42,346,0,346,56.5,0,56.5,2,0,0,0,0,0,0,0,0,0,0,0,0,0,0,0,0,0,0,0
"DA63170","nonHR",2,0,3,2218942,0,2218942,4251467,0,4251467,1,0,1,0,96,0,96,10,0,10,3,0,3,0,0,0,119.5,0,119.5,32,0,32,166,0,166,31,0,31,411,0,411,148656.5,0,148656.5,31117,0,31117,96,0,96,411,0,411,32,0,32,3,0,0,0,0,0,0,0,0,0,0,0,0,0,0,0,0,0,0,0
"DA63172","nonHR",6,1,5,1768316,22749,1791065,3792906,42402,3835308,1,1,2,2,3,10,13,0,1,1,0,0,0,0,0,0,0,24,24,0,25,25,0,39,39,0,24,24,0,3757.5,3757.5,0,7613,7613,0,7613,7613,3,0,3,0,0,0,0,0,0,3,1,1,1,2,1,0,1,1,0,1,0,0,0,0,0,0,0,0,0
"DA63174","nonHR",1,0,2,1763387,0,1763387,2120991,0,2120991,2,0,2,0,72,0,72,28,0,28,1,0,1,0,0,0,349.5,0,349.5,26,0,26,1227,0,1227,37,0,37,27343.5,0,27343.5,163591,0,163591,32500,0,32500,72,0,72,27343.5,0,27343.5,26,0,26,2,0,0,0,0,0,0,0,0,0,0,0,0,0,0,0,0,0,0,0
"DA63176","nonHR",0,0,2,242549,0,242549,2363446.5,0,2363446.5,2,0,2,0,69,0,69,25,0,25,1,0,1,0,0,0,329.5,0,329.5,26,0,26,117,0,117,53,0,53,11377,0,11377,173801,0,173801,32598,0,32598,69,0,69,11377,0,11377,26,0,26,2,0,0,0,0,0,0,0,0,0,0,0,0,0,0,0,0,0,0,0
"DA63178","nonHR",4,1,4,2061006,5005,2066011,2728492,5005,2733497,2,0,2,1,32,7,39,6,0,6,1,5,6,0,0,0,29,0,29,41.5,150,45,485,821,821,29,0,29,312,3266,3163,108371,0,108371,30986,0,30986,32,0,32,312,0,312,41.5,0,41.5,3,1,1,1,2,1,0,1,1,0,0,0,0,0,0,0,0,0,0,0
"DA63182","HR",3,0,3,388929,42305,431234,751593.5,42305,793898.5,0,1,1,1,40,22,62,7,3,10,13,5,18,0,3,3,93,1789,146,47.5,38.5,42.5,205,820,820,35,820,820,319,3293,3246,41185,17033,39330.5,31247,9091,9091,40,0,40,319,0,319,47.5,0,47.5,2,1,1,1,1,1,0,0,0,0,0,0,0,0,0,0,0,0,0,0
"DA63184","nonHR",1,0,3,418597,0,418597,2464441,0,2464441,2,0,2,0,134,0,134,46,0,46,2,0,2,0,0,0,481,0,481,28,0,28,206,0,206,37,0,37,33649.5,0,33649.5,130290,0,130290,22936,0,22936,134,0,134,33649.5,0,33649.5,28,0,28,3,0,0,0,0,0,0,0,0,0,0,0,0,0,0,0,0,0,0,0
"DA63186","HR",2,0,3,3840702,4222,3844924,4216949,4222,4221171,2,1,3,1,27,1,28,8,0,8,0,0,0,0,0,0,98,0,98,23,0,23,86,0,86,33,0,33,14661,0,14661,110193,0,110193,36803,0,36803,27,0,27,14661,0,14661,23,0,23,2,0,0,0,0,1,0,0,0,0,0,0,0,0,0,0,0,0,0,0
"DA63188","nonHR",5,0,2,3767208,0,3767208,4114872,0,4114872,2,0,2,0,28,0,28,6,0,6,3,0,3,0,0,0,84.5,0,84.5,34.5,0,34.5,124,0,124,35,0,35,1700.5,0,1700.5,67283.5,0,67283.5,31250,0,31250,28,0,28,1700.5,0,1700.5,34.5,0,34.5,2,0,0,0,0,0,0,0,0,0,0,0,0,0,0,0,0,0,0,0
"DA63190","nonHR",2,0,2,30743,0,30743,2179251,0,2179251,2,0,2,0,23,0,23,6,0,6,0,0,0,0,0,0,89.5,0,89.5,32,0,32,96,0,96,52,0,52,15536,0,15536,51277.5,0,51277.5,42417,0,42417,23,0,23,15536,0,15536,32,0,32,2,0,0,0,0,0,0,0,0,0,0,0,0,0,0,0,0,0,0,0
"DA63192","nonHR",1,0,2,3546645,0,3546645,3899349,0,3899349,2,0,2,0,24,0,24,7,0,7,1,0,1,0,0,0,93.5,0,93.5,32,0,32,768,0,768,36,0,36,15582,0,15582,90641,0,90641,35325,0,35325,24,0,24,15582,0,15582,32,0,32,2,0,0,0,1,0,0,0,0,0,0,0,0,0,0,0,0,0,0,0
"DA63194","nonHR",2,1,4,1595292,5418,1600710,1958514,9364,1967878,0,2,2,2,28,46,74,10,24,34,0,6,6,0,2,2,132.5,520,381.5,23,35,29,96,820,820,35,126,126,17209.5,6355,6364,110628,6659.5,6965,31206,6276,6276,28,0,28,17209.5,0,17209.5,23,0,23,2,1,1,1,1,1,0,0,0,1,1,0,1,0,0,0,0,0,0,0
"DA63196","nonHR",1,0,2,1242325,0,1242325,1577909,0,1577909,2,0,2,0,52,0,52,8,0,8,4,0,4,0,0,0,90,0,90,29,0,29,1226,0,1226,30,0,30,27748,0,27748,93783,0,93783,34043,0,34043,52,0,52,27748,0,27748,29,0,29,2,0,0,0,0,0,0,0,0,0,0,0,0,0,0,0,0,0,0,0
"DA63198","nonHR",4,0,2,901013,21272,922285,901013,21272,922285,1,1,2,1,9,13,22,3,0,3,1,1,2,0,0,0,78,0,78,26,42,32,768,820,820,26,0,26,18599,3261,3320,47203,0,47203,43682,0,43682,9,0,9,18599,0,18599,26,0,26,1,0,0,0,0,0,0,0,0,0,1,0,0,0,0,0,0,0,0,0
"DA63200","nonHR",2,0,2,312014,406713,718727,312014,406713,718727,1,0,1,1,14,10,24,3,3,6,1,0,1,0,0,0,76,81,78.5,32,25,27,166,32,166,36,29,36,15582,9990,15518.5,165640,27554,90809.5,96867,27454,27454,14,10,24,15582,9990,15518.5,32,25,27,2,0,0,0,0,0,0,0,0,0,0,0,0,0,0,0,0,0,0,0
"DA63202","HR",2,0,3,2996336,612765,3609101,3003922,612765,3616687,1,1,2,1,58,8,66,20,3,23,42,0,42,20,0,20,8734.5,78,7913,820,26,820,1346,36,1346,1346,26,1346,8838.5,24327,9350.5,32907,45950,33990,14547,42429,14547,0,8,8,0,24327,24327,0,26,26,1,0,0,0,1,0,0,0,1,0,1,0,1,1,1,1,0,0,0,0
"DA63204","nonHR",1,0,2,690614,0,690614,1121854,0,1121854,0,0,0,0,72,0,72,24,0,24,2,0,2,0,0,0,321.5,0,321.5,26,0,26,117,0,117,53,0,53,11325,0,11325,174569,0,174569,31250,0,31250,72,0,72,11325,0,11325,26,0,26,2,0,0,0,0,0,0,0,0,0,0,0,0,0,0,0,0,0,0,0
"DA63210","HR",2,0,3,3295879,55333,3351212,3658544,55333,3713877,0,0,0,1,19,52,71,7,24,31,1,15,16,0,9,9,93,4647,146,27,47,35,106,822,822,35,822,822,34946,12191,30472,41185,51370.5,51337,31247,33257,31247,19,0,19,34946,0,34946,27,0,27,2,1,1,1,1,1,0,0,0,0,0,0,0,0,0,0,0,0,0,0
"DA63214","HR",5,1,5,340008,5418,345426,705242.5,13310,718552.5,0,3,3,3,8,53,61,2,0,2,0,6,6,0,0,0,25.5,0,25.5,27,34,34,80,820,820,31,0,31,25610,6276,6355,63312,0,63312,31958,0,31958,8,6,14,25610,73,6817.5,27,76,51.5,3,1,1,1,0,1,0,0,1,1,1,1,1,0,0,0,0,0,0,0
"DA63216","nonHR",1,0,1,0,757300,757300,0,757300,757300,0,1,1,1,0,12,12,0,4,4,0,0,0,0,0,0,0,115,115,0,26,26,0,37,37,0,37,37,0,9990,9990,0,37438,37438,0,33870,33870,0,12,12,0,9990,9990,0,26,26,1,0,0,0,0,0,0,0,0,0,0,0,0,0,0,0,0,0,0,0
"DA63218","nonHR",1,1,4,1323509,8617,1332126,3495304,8617,3503921,2,0,2,1,117,40,157,36,0,36,1,6,7,1,0,1,555,0,555,30,56,31,1344,820,1344,1344,0,1344,31013,7195,17313,114499,0,114499,22790,0,22790,117,0,117,31013,0,31013,30,0,30,3,1,1,1,1,1,0,0,0,0,0,0,0,0,0,0,0,0,0,0
"DA63220","nonHR",1,0,2,3767962,0,3767962,4118790.5,0,4118790.5,2,0,2,0,35,0,35,7,0,7,7,0,7,0,0,0,99,0,99,35,0,35,160,0,160,35,0,35,274,0,274,41186,0,41186,31250,0,31250,35,0,35,274,0,274,35,0,35,2,0,0,0,0,0,0,0,0,0,0,0,0,0,0,0,0,0,0,0
"DA63222","nonHR",5,0,2,3526780,0,3526780,3901425,0,3901425,2,0,2,0,29,0,29,7,0,7,1,0,1,0,0,0,99,0,99,32,0,32,106,0,106,35,0,35,3491,0,3491,41181,0,41181,31250,0,31250,29,0,29,3491,0,3491,32,0,32,2,1,0,0,0,0,0,0,0,0,0,0,0,0,0,0,0,0,0,0
"DA63224","nonHR",1,0,2,3613502,0,3613502,3984626.5,0,3984626.5,2,0,2,0,23,0,23,7,0,7,0,0,0,0,0,0,174,0,174,23,0,23,86,0,86,33,0,33,10036,0,10036,88581,0,88581,37574,0,37574,23,0,23,10036,0,10036,23,0,23,2,0,0,0,0,0,0,0,0,0,0,0,0,0,0,0,0,0,0,0
"DA63226","nonHR",2,1,4,3812091,5418,3817509,4175319,9364,4184683,2,2,4,2,29,40,69,10,18,28,0,6,6,0,2,2,132.5,389,316,23,33,27,96,820,820,35,126,126,17204,4814,6366,110628,6916,6954,31206,6256,6256,29,0,29,17204,0,17204,23,0,23,2,1,1,1,1,1,0,0,0,1,1,0,1,0,0,0,0,0,0,0
"DA63228","nonHR",1,0,2,3651497,0,3651497,4084434,0,4084434,2,0,2,0,69,0,69,25,0,25,1,0,1,0,0,0,329,0,329,26,0,26,117,0,117,53,0,53,11377,0,11377,173801,0,173801,31171,0,31171,69,0,69,11377,0,11377,26,0,26,2,0,0,0,0,0,0,0,0,0,0,0,0,0,0,0,0,0,0,0
"DA63230","nonHR",1,0,2,2272037,1375240,3647277,2272037,1375240,3647277,1,0,1,1,17,64,81,7,24,31,0,4,4,0,0,0,174,619,396.5,23,26,26,33,112,112,33,38,38,13712,27086,27028,88581,175847.5,175664,37574,74723,37574,17,64,81,13712,27086,27028,23,26,26,2,0,0,0,0,0,0,0,0,0,0,0,0,0,0,0,0,0,0,0
"DA63232","nonHR",0,0,2,2318371,0,2318371,2675046.5,0,2675046.5,2,0,2,0,24,0,24,9,0,9,0,0,0,0,0,0,243,0,243,23.5,0,23.5,96,0,96,35,0,35,9989.5,0,9989.5,88393,0,88393,31214,0,31214,24,0,24,9989.5,0,9989.5,23.5,0,23.5,2,0,0,0,0,0,0,0,0,0,0,0,0,0,0,0,0,0,0,0
"DA63234","nonHR",0,0,2,2454133,0,2454133,2832567,0,2832567,2,0,2,0,95,0,95,33,0,33,3,0,3,0,0,0,422.5,0,422.5,26,0,26,113,0,113,42,0,42,3159,0,3159,173834,0,173834,31206,0,31206,95,0,95,3159,0,3159,26,0,26,2,0,0,0,0,0,0,0,0,0,0,0,0,0,0,0,0,0,0,0
"DA63236","nonHR",0,0,2,36683,34273,70956,36683,34273,70956,1,1,2,1,2,6,8,1,1,2,0,0,0,0,0,0,29,26,27.5,32,76,68.5,35,84,84,29,26,29,24193,71.5,132.5,31186,134234,82710,31186,134234,31186,2,6,8,24193,71.5,132.5,32,76,68.5,2,0,0,0,0,0,0,0,0,0,0,0,0,0,0,0,1,0,0,0
"DA63238","nonHR",0,1,4,1419780,467362,1887142,1762371,618554,2380925,0,1,1,2,99,45,144,26,1,27,2,4,6,0,0,0,335.5,27,273,30,37,31,139,821,821,41,27,41,22583,498,17463.5,104970.5,135263,105017,30934,135263,30934,99,9,108,22583,162,20218.5,30,61,30,3,1,1,1,2,1,0,1,1,1,0,1,0,0,0,0,0,0,0,0
"DA63240","nonHR",2,0,2,3760881,0,3760881,4107020.5,0,4107020.5,2,0,2,0,23,0,23,9,0,9,0,0,0,0,0,0,119,0,119,23,0,23,86,0,86,35,0,35,13712,0,13712,89892,0,89892,31250,0,31250,23,0,23,13712,0,13712,23,0,23,2,0,0,0,0,0,0,0,0,0,0,0,0,0,0,0,0,0,0,0
"DA63242","nonHR",0,0,3,1822915,0,1822915,2526103,0,2526103,2,0,2,0,14,0,14,2,0,2,0,0,0,0,0,0,42,0,42,76,0,76,86,0,86,22,0,22,168,0,168,115683,0,115683,90030,0,90030,14,0,14,168,0,168,76,0,76,3,0,0,0,0,0,0,0,0,0,0,0,0,0,0,0,0,0,0,0
"DA63244","nonHR",2,0,2,3977405,41040,4018445,3977405,41040,4018445,0,1,1,1,12,14,26,4,0,4,0,3,3,0,0,0,101,0,101,26,34.5,31.5,36,309,309,26,0,26,18552,5370.5,8642.5,45997,0,45997,42429,0,42429,12,0,12,18552,0,18552,26,0,26,1,0,0,0,0,1,0,0,0,0,0,0,0,0,0,0,0,0,0,0
"DA63246","nonHR",2,0,2,358498,0,358498,2289825.5,0,2289825.5,0,0,0,0,125,0,125,14,0,14,3,0,3,0,0,0,195.5,0,195.5,33,0,33,137,0,137,37,0,37,367,0,367,64557,0,64557,34791,0,34791,125,0,125,367,0,367,33,0,33,2,0,0,0,0,0,0,0,0,0,0,0,0,0,0,0,0,0,0,0
"DA63248","nonHR",2,0,3,3562339,35141,3597480,3562339,38288.5,3600627.5,1,2,3,2,10,43,53,3,5,8,0,3,3,0,0,0,78,229,153.5,29,42,33,36,422,422,26,71,71,18552,6853,10202,45950,55606,45997,42429,25507,25507,10,0,10,18552,0,18552,29,0,29,1,0,1,1,1,2,0,0,0,0,0,0,0,0,0,0,0,0,0,0
"DA63250","nonHR",2,0,2,3745389,0,3745389,4096947.5,0,4096947.5,2,0,2,0,33,0,33,7,0,7,5,0,5,0,0,0,99,0,99,34,0,34,142,0,142,35,0,35,3190,0,3190,42524,0,42524,31252,0,31252,33,0,33,3190,0,3190,34,0,34,2,0,0,0,0,0,0,0,0,0,0,0,0,0,0,0,0,0,0,0
"DA63252","HR",2,1,5,288153,22750,310903,903712,44745,948457,1,0,1,2,91,186,277,30,5,35,17,12,29,6,3,9,230,1192.5,820,32,32.5,32,772,820,820,772,820,820,28754,354,422,122920.5,107958,108576,28644,11022,11022,91,0,91,28754,0,28754,32,0,32,3,1,2,2,3,2,0,1,2,0,0,0,0,0,0,0,0,0,0,0
"DA63254","HR",0,0,3,1050212,0,1050212,3709430,0,3709430,2,0,2,0,84,0,84,30,0,30,8,0,8,5,0,5,474,0,474,29,0,29,820,0,820,820,0,820,24311,0,24311,145085.5,0,145085.5,6288,0,6288,69,0,69,11377,0,11377,26,0,26,2,1,1,1,2,1,0,0,0,0,0,1,0,0,0,0,0,0,0,0
"DA63256","nonHR",1,0,2,3787103,0,3787103,4139313.5,0,4139313.5,2,0,2,0,23,0,23,7,0,7,0,0,0,0,0,0,174,0,174,23,0,23,86,0,86,33,0,33,10036,0,10036,88582,0,88582,37575,0,37575,23,0,23,10036,0,10036,23,0,23,2,0,0,0,0,0,0,0,0,0,0,0,0,0,0,0,0,0,0,0
"DA63258","nonHR",0,0,2,3610966,0,3610966,3966745,0,3966745,0,0,0,0,14,0,14,3,0,3,0,0,0,0,0,0,37,0,37,25.5,0,25.5,98,0,98,31,0,31,17578,0,17578,93366,0,93366,30987,0,30987,14,0,14,17578,0,17578,25.5,0,25.5,2,0,0,0,0,0,0,0,0,0,0,0,0,0,0,0,0,0,0,0
"DA63260","nonHR",1,0,1,4247296,0,4247296,4247296,0,4247296,1,0,1,0,8,0,8,3,0,3,0,0,0,0,0,0,78,0,78,26,0,26,36,0,36,26,0,26,24327,0,24327,45950,0,45950,42429,0,42429,8,0,8,24327,0,24327,26,0,26,1,0,0,0,0,0,0,0,0,0,0,0,0,0,0,0,0,0,0,0
"DA63262","nonHR",1,0,2,3648477,41040,3689517,3648477,41040,3689517,1,1,2,1,10,14,24,3,0,3,0,3,3,0,0,0,78,0,78,29,34.5,32,36,309,309,26,0,26,18552,5370.5,8638.5,45950,0,45950,42429,0,42429,10,0,10,18552,0,18552,29,0,29,1,0,0,0,0,1,0,0,0,0,0,0,0,0,0,0,0,0,0,0
"DA63264","HR",6,0,3,1802819,59527,1862346,2179983.5,59527,2239510.5,2,0,2,1,23,43,66,8,1,9,0,1,1,0,0,0,109,20,40,29,33,32.5,86,821,821,35,20,35,18701,8553,8558.5,66641,60154,60154,31250,60154,31250,23,0,23,18701,0,18701,29,0,29,2,1,1,1,1,1,0,0,0,0,0,0,0,0,0,0,0,0,0,0
"DA63266","HR",4,0,3,940181,6723,946904,1316803,6723,1323526,0,1,1,1,27,1,28,8,0,8,1,0,1,0,0,0,98,0,98,23,0,23,106,0,106,33,0,33,14660,0,14660,110964,0,110964,37574,0,37574,27,0,27,14660,0,14660,23,0,23,2,0,0,0,0,1,0,0,0,0,0,0,0,0,0,0,0,0,0,0
"DA63268","nonHR",3,0,2,1854606,0,1854606,2188531.5,0,2188531.5,2,0,2,0,29,0,29,8,0,8,0,0,0,0,0,0,101.5,0,101.5,32,0,32,97,0,97,36,0,36,15600,0,15600,91992.5,0,91992.5,42429,0,42429,29,0,29,15600,0,15600,32,0,32,2,0,0,0,0,0,0,0,0,0,0,0,0,0,0,0,0,0,0,0
"DA63270","nonHR",2,0,2,3351134,0,3351134,3701956.5,0,3701956.5,0,0,0,0,25,0,25,7,0,7,1,0,1,0,0,0,99,0,99,29,0,29,106,0,106,35,0,35,10035,0,10035,41186,0,41186,31250,0,31250,25,0,25,10035,0,10035,29,0,29,2,0,0,0,0,0,0,0,0,0,0,0,0,0,0,0,0,0,0,0
"DA63272","nonHR",1,0,2,3581512,0,3581512,3929116,0,3929116,2,0,2,0,49,0,49,11,0,11,1,0,1,0,0,0,141.5,0,141.5,32,0,32,105,0,105,36,0,36,15477,0,15477,166872,0,166872,42430,0,42430,49,0,49,15477,0,15477,32,0,32,2,0,0,0,0,0,0,0,0,0,0,0,0,0,0,0,0,0,0,0
"DA63274","nonHR",2,1,4,1922425,109357,2031782,2304574,771059,3075633,2,1,3,2,152,40,192,141,4,145,14,4,18,11,0,11,4920.5,100,100,35,40,35,2180,153,2180,2180,26,2180,99907.5,285,99871,99911,109676,99912,32321,109526,32321,152,15,167,99907.5,168,99900,35,46,35,3,0,1,1,1,1,0,0,0,0,0,0,0,0,0,0,0,0,0,0
"DA63276","nonHR",0,0,2,3791075,0,3791075,4098303.5,0,4098303.5,1,0,1,0,21,0,21,6,0,6,0,0,0,0,0,0,166,0,166,26,0,26,99,0,99,35,0,35,3585,0,3585,41131,0,41131,31239,0,31239,21,0,21,3585,0,3585,26,0,26,2,0,0,0,0,0,0,0,0,0,0,0,0,0,0,0,0,0,0,0
"DA63278","nonHR",4,0,2,1142584,0,1142584,1520683,0,1520683,2,0,2,0,28,0,28,7,0,7,3,0,3,0,0,0,99,0,99,33.5,0,33.5,124,0,124,35,0,35,1851,0,1851,41186,0,41186,31250,0,31250,28,0,28,1851,0,1851,33.5,0,33.5,2,0,0,0,0,0,0,0,0,0,0,0,0,0,0,0,0,0,0,0
"DA63282","nonHR",1,0,2,437060,0,437060,2596992.5,0,2596992.5,0,0,0,0,74,0,74,25,0,25,2,0,2,0,0,0,336,0,336,26.5,0,26.5,117,0,117,53,0,53,11330,0,11330,173801,0,173801,31250,0,31250,74,0,74,11330,0,11330,26.5,0,26.5,2,0,0,0,0,0,0,0,0,0,0,0,0,0,0,0,0,0,0,0
"DA63284","nonHR",4,0,3,464024,52435,516459,464024,513311,977335,0,1,1,2,12,66,78,6,7,13,0,9,9,0,0,0,178,126.5,178,29,37.5,34.5,35,178,178,35,68,68,34409.5,4265,5360,41138,22629,37570,31249,22593,22593,12,25,37,34409.5,184,292,29,79,35,2,0,0,0,0,1,0,0,0,0,0,0,0,0,0,0,0,0,0,0
"DA63286","nonHR",4,0,1,5007639,0,5007639,5007639,0,5007639,0,0,0,0,10,0,10,4,0,4,0,0,0,0,0,0,101,0,101,26,0,26,36,0,36,26,0,26,24327,0,24327,45997,0,45997,42429,0,42429,10,0,10,24327,0,24327,26,0,26,1,1,1,1,2,0,0,1,1,0,0,0,0,0,0,0,0,0,0,0
"DA63290","nonHR",3,0,3,1432807,0,1432807,3758375,0,3758375,2,0,2,0,22,0,22,8,0,8,0,0,0,0,0,0,99.5,0,99.5,27,0,27,93,0,93,37,0,37,21567,0,21567,86085,0,86085,34076,0,34076,22,0,22,21567,0,21567,27,0,27,3,0,0,0,0,0,0,0,0,0,0,0,0,0,0,0,0,0,0,0
"DA63292","nonHR",1,0,2,452077,34864,486941,452077,34864,486941,0,1,1,1,12,26,38,4,2,6,0,4,4,0,0,0,101,75,88,26,50,34,36,822,822,26,46,46,18552,6614.5,8674,45997,27433.5,44189.5,42429,27425,27425,12,0,12,18552,0,18552,26,0,26,1,0,0,0,0,1,0,0,0,0,0,0,1,0,0,0,0,0,0,0
"DA63294","nonHR",0,0,2,2881469,0,2881469,3273860.5,0,3273860.5,2,0,2,0,15,0,15,2,0,2,0,0,0,0,0,0,27.5,0,27.5,23,0,23,96,0,96,35,0,35,15705,0,15705,60550,0,60550,31206,0,31206,15,0,15,15705,0,15705,23,0,23,2,0,0,0,0,0,0,0,0,0,0,0,0,0,0,0,0,0,0,0
"DA63296","nonHR",2,0,2,1857431,0,1857431,2237021.5,0,2237021.5,2,0,2,0,98,0,98,50,0,50,7,0,7,4,0,4,2483,0,2483,31.5,0,31.5,2163,0,2163,2163,0,2163,42921,0,42921,118979.5,0,118979.5,31247,0,31247,98,0,98,42921,0,42921,31.5,0,31.5,2,0,0,0,0,0,0,0,0,0,0,0,0,0,0,0,0,0,0,0
"DA63300","nonHR",6,0,3,1339275,0,1339275,3583126,0,3583126,2,0,2,0,140,0,140,31,0,31,1,0,1,0,0,0,262,0,262,26,0,26,124,0,124,44,0,44,40240,0,40240,129722,0,129722,22790,0,22790,140,0,140,40240,0,40240,26,0,26,3,0,0,0,0,0,0,0,0,0,0,0,0,0,0,0,0,0,0,0
"DA63302","nonHR",3,0,3,3839900,59513,3899413,4217126.5,59513,4276639.5,2,0,2,1,41,43,84,8,1,9,14,2,16,0,1,1,109,820,178,61,33,35.5,223,820,820,35,820,820,328,8540,5324.5,66641,8984,41186,31250,8984,8984,41,0,41,328,0,328,61,0,61,2,1,1,1,1,1,0,0,0,1,0,0,0,0,0,0,0,0,0,1
"DA63304","nonHR",0,0,3,298933,0,298933,1001914,0,1001914,1,0,1,0,120,0,120,23,0,23,2,0,2,0,0,0,100,0,100,26,0,26,144,0,144,38,0,38,409.5,0,409.5,152609,0,152609,31121,0,31121,120,0,120,409.5,0,409.5,26,0,26,3,0,0,0,0,0,0,0,0,0,0,0,0,0,0,0,0,0,0,0
"DA63306","nonHR",5,0,3,3362387,68668,3431055,3725046.5,68668,3793714.5,0,1,1,1,32,32,64,7,10,17,5,9,14,0,5,5,93,3265,146,33.5,62,38.5,133,821,821,35,821,821,3538,4817,4404,41185,62099,61948,31247,9968,9968,32,0,32,3538,0,3538,33.5,0,33.5,2,1,1,1,2,1,0,1,1,0,0,0,1,0,0,0,0,0,0,0
"DA63310","nonHR",0,0,1,0,200107,200107,0,200107,200107,0,0,0,1,0,21,21,0,4,4,0,1,1,0,0,0,0,101,101,0,35,35,0,261,261,0,26,26,0,11798,11798,0,45997,45997,0,42429,42429,0,21,21,0,11798,11798,0,35,35,1,0,0,0,0,0,0,0,0,0,0,0,0,0,0,0,0,0,0,0
"DA63312","nonHR",2,0,2,3778686,0,3778686,4184613,0,4184613,2,0,2,0,21,0,21,10,0,10,1,0,1,1,0,1,836.5,0,836.5,26,0,26,1431,0,1431,1431,0,1431,31202,0,31202,98516.5,0,98516.5,31202,0,31202,21,0,21,31202,0,31202,26,0,26,2,0,0,0,0,0,0,0,0,0,0,0,0,0,0,0,0,0,0,0
"DA63314","nonHR",2,0,2,3867231,0,3867231,4252858.5,0,4252858.5,2,0,2,0,86,0,86,31,0,31,3,0,3,0,0,0,405.5,0,405.5,26,0,26,112,0,112,53,0,53,12521,0,12521,175653,0,175653,37574,0,37574,86,0,86,12521,0,12521,26,0,26,2,0,0,0,0,0,0,0,0,0,0,0,0,0,0,0,0,0,0,0
"DA63316","nonHR",1,0,2,3598912,0,3598912,3992685,0,3992685,2,0,2,0,69,0,69,25,0,25,1,0,1,0,0,0,336,0,336,26,0,26,117,0,117,53,0,53,11377,0,11377,173801,0,173801,31149,0,31149,69,0,69,11377,0,11377,26,0,26,2,0,0,0,0,0,0,0,0,0,0,0,0,0,0,0,0,0,0,0
"DA63318","nonHR",0,0,1,130886,0,130886,130886,0,130886,1,0,1,0,10,0,10,3,0,3,0,0,0,0,0,0,78,0,78,29,0,29,36,0,36,26,0,26,18552,0,18552,45950,0,45950,42429,0,42429,10,0,10,18552,0,18552,29,0,29,1,0,0,0,0,0,0,0,0,0,0,0,0,0,0,0,0,0,0,0
"DA63320","nonHR",12,1,5,0,112216,112216,0,358718,358718,0,2,2,5,0,101,101,0,28,28,0,17,17,0,9,9,0,101,101,0,32,32,0,822,822,0,311,311,0,3312,3312,0,76201,76201,0,18496,18496,0,10,10,0,24327,24327,0,26,26,1,1,1,1,1,1,0,0,0,0,2,0,1,1,1,0,0,0,0,0
"DA63322","HR",2,0,3,1432534,39225,1471759,1432534,161498.5,1594032.5,0,1,1,2,10,47,57,5,7,12,0,4,4,0,0,0,139,106,139,26,55,46,99,777,777,37,46,46,50827,272,307,146664,41078,104422,74729,12814,12814,10,11,21,50827,31239,31239,26,26,26,2,0,0,0,1,0,0,0,0,0,0,0,0,0,0,0,0,1,0,0
"DA63324","nonHR",1,0,2,3750975,0,3750975,4097368.5,0,4097368.5,2,0,2,0,20,0,20,7,0,7,0,0,0,0,0,0,93,0,93,26.5,0,26.5,99,0,99,35,0,35,22476.5,0,22476.5,41178,0,41178,31239,0,31239,20,0,20,22476.5,0,22476.5,26.5,0,26.5,2,0,0,0,0,0,0,0,0,0,0,0,0,0,0,0,0,0,0,0
"DA63326","nonHR",2,0,3,313468,536258,849726,313468,551208,864676,0,0,0,2,12,46,58,0,19,19,0,1,1,0,0,0,0,264,264,29,29,29,84,112,112,0,41,41,297,21927.5,21435.5,0,164396,164396,0,30968,30968,12,46,58,297,21927.5,21435.5,29,29,29,3,0,0,0,0,0,0,0,0,0,0,0,0,0,0,0,0,0,0,0
"DA63330","HR",2,0,3,2249790,23709,2273499,2602981,23709,2626690,0,0,0,1,23,5,28,7,0,7,1,1,2,0,0,0,174,0,174,23,55,26,106,113,113,33,0,33,10036,9424,9990.5,88581,0,88581,37574,0,37574,23,0,23,10036,0,10036,23,0,23,2,0,0,0,0,1,0,0,0,0,0,0,0,0,0,0,0,0,0,0
"DA63332","nonHR",4,1,5,8483,125322,133805,492878,475809,968687,2,2,4,3,40,50,90,3,33,36,7,6,13,0,3,3,63,134,106,43,33,35,612,1786,1786,79,172,172,2626.5,114024,9129,9181,114154,114149.5,2893,30969,2893,12,44,56,297,114112,97678,29,32,32,3,0,0,0,1,1,0,0,0,1,1,1,0,0,0,0,0,0,0,0
"DA63334","HR",0,1,4,0,584,584,0,110696,110696,0,2,2,4,0,94,94,0,26,26,0,0,0,0,0,0,0,344,344,0,26,26,0,83,83,0,38,38,0,7143,7143,0,160461.5,160461.5,0,21788,21788,0,93,93,0,7143,7143,0,26,26,3,1,1,1,2,1,0,1,1,0,0,0,0,0,0,0,0,0,0,0
"DA63336","nonHR",2,1,4,3817744,5418,3823162,4180978,9364,4190342,2,2,4,2,29,46,75,10,24,34,0,6,6,0,2,2,132.5,520,381.5,23,35,29,96,820,820,35,126,126,17206,6355,6364,110628,6659.5,6965,31206,6276,6276,29,0,29,17206,0,17206,23,0,23,2,1,1,1,1,1,0,0,0,1,1,0,1,0,0,0,0,0,0,0
"DA63338","nonHR",1,0,2,1717639,0,1717639,2044593.5,0,2044593.5,0,0,0,0,63,0,63,11,0,11,1,0,1,0,0,0,140.5,0,140.5,29,0,29,106,0,106,35,0,35,426,0,426,88504,0,88504,31207,0,31207,63,0,63,426,0,426,29,0,29,2,0,0,0,0,0,0,0,0,0,0,0,0,0,0,0,0,0,0,0
"DA63340","nonHR",4,1,4,905176,0,905176,2652096,0,2652096,2,0,2,0,63,0,63,18,0,18,2,0,2,0,0,0,117.5,0,117.5,30,0,30,1047,0,1047,37,0,37,17214,0,17214,116222.5,0,116222.5,31000,0,31000,37,0,37,31000,0,31000,29,0,29,3,0,0,1,2,1,0,1,0,0,0,0,0,0,0,0,0,0,1,0
"DA63342","HR",1,0,3,3056362,0,3056362,3071534,0,3071534,1,0,1,0,56,0,56,18,0,18,30,0,30,14,0,14,4924,0,4924,359,0,359,822,0,822,822,0,822,9611,0,9611,35245,0,35245,12382,0,12382,10,0,10,24327,0,24327,26,0,26,1,0,0,0,1,0,0,0,1,0,1,0,1,1,1,1,0,0,0,0
"DA63344","nonHR",1,0,2,2271784,1717641,3989425,2271784,1717641,3989425,1,0,1,1,24,39,63,10,1,11,0,1,1,0,0,0,261,20,140.5,24,32,29,45,106,106,35,20,35,11966.5,319,426,64873,122929,88504,31207,122929,31207,24,39,63,11966.5,319,426,24,32,29,2,0,0,0,0,0,0,0,0,0,0,0,0,0,0,0,0,0,0,0
"DA63346","HR",0,0,3,71787,0,71787,3725600,0,3725600,2,0,2,0,36,0,36,0,0,0,1,0,1,0,0,0,0,0,0,26,0,26,126,0,126,0,0,0,417.5,0,417.5,0,0,0,0,0,0,2,0,2,0,0,0,0,0,0,2,1,1,1,2,1,0,0,0,0,0,1,0,0,0,0,0,0,0,0
"DA63348","nonHR",0,0,2,3787175,0,3787175,4139884.5,0,4139884.5,2,0,2,0,23,0,23,7,0,7,0,0,0,0,0,0,174,0,174,23,0,23,86,0,86,33,0,33,10036,0,10036,88582,0,88582,37575,0,37575,23,0,23,10036,0,10036,23,0,23,2,0,0,0,0,0,0,0,0,0,0,0,0,0,0,0,0,0,0,0
"DA63350","HR",2,0,2,1340647,1884,1342531,1340647,1884,1342531,1,0,1,1,8,10,18,3,5,8,0,3,3,0,1,1,78,999,538.5,26,42,36.5,36,822,822,26,821,821,24327,27207,27207,45950,40438,44189.5,42429,25582,25582,8,0,8,24327,0,24327,26,0,26,1,1,1,1,2,1,0,1,1,0,0,0,0,0,0,0,0,0,0,0
"DA63352","nonHR",2,0,3,1848501,50739,1899240,2224552,50739,2275291,2,0,2,1,21,43,64,7,4,11,0,3,3,0,2,2,99,1683,178,29,35,32,86,820,820,35,820,820,37570,3214,4395.5,41185,24484,37570,31250,8318,8318,21,0,21,37570,0,37570,29,0,29,2,1,1,1,1,1,0,0,0,0,0,0,1,0,0,0,0,0,0,0
"DA63356","nonHR",1,0,1,3070574,0,3070574,3070574,0,3070574,1,0,1,0,25,0,25,3,0,3,1,0,1,0,0,0,78,0,78,26,0,26,173,0,173,26,0,26,300,0,300,83963,0,83963,80442,0,80442,25,0,25,300,0,300,26,0,26,1,0,0,0,0,0,0,0,0,0,0,0,0,0,0,0,0,0,0,0
"DA63360","HR",3,0,3,388884,42318,431202,751548.5,42318,793866.5,0,0,0,1,37,31,68,7,3,10,10,6,16,0,3,3,93,1790,146,35,35,35,178,821,821,35,821,821,301,4830,3538,41185,15312,39330.5,31247,7369,7369,37,0,37,301,0,301,35,0,35,2,1,1,1,1,1,0,0,0,0,0,0,0,0,0,0,0,0,0,0
"DA63362","HR",1,0,3,3844954,39225,3884179,4224237.5,39225,4263462.5,2,0,2,1,23,7,30,7,1,8,0,3,3,0,0,0,174,46,110,23,84,26,86,823,823,33,46,46,10036,3525,9894,89834,17159,66138,38827,17159,17159,23,0,23,10036,0,10036,23,0,23,2,0,0,0,1,0,0,0,0,0,0,0,0,0,0,0,0,1,0,0
"DA63366","HR",2,1,4,1395307,44790,1440097,3622922,44790,3667712,2,0,2,1,25,15,40,9,7,16,0,10,10,0,3,3,33,1418,118,31,369,36,86,821,821,44,768,768,34183,22450,22467.5,102407,22485,58631.5,34764,22151,22151,25,0,25,34183,0,34183,31,0,31,3,0,0,0,0,0,0,0,0,0,0,0,1,1,1,0,0,0,0,0
"DA63368","nonHR",3,0,3,398772,52435,451207,764278,52435,816713,0,0,0,1,35,41,76,8,5,13,6,0,6,0,0,0,109,213,178,33,33,33,142,95,142,35,68,68,3585,8554,8549,66698.5,22622,37570,31249,22593,22593,35,0,35,3585,0,3585,33,0,33,2,0,0,0,0,1,0,0,0,0,0,0,0,0,0,0,0,0,0,0
"DA63374","nonHR",2,1,4,161067,32029,193096,544494.5,107806.5,652301,0,0,0,2,79,38,117,22,5,27,0,4,4,0,1,1,299,460,333.5,26,39,28,80,823,823,38,820,820,9592,5240.5,6967,160127,104291,158968,31121,16442,16442,79,16,95,9592,210,7049,26,44,26,3,1,1,1,1,1,0,0,0,0,0,1,0,0,0,0,0,0,0,0
"DA63380","nonHR",1,0,2,3470085,0,3470085,3824836,0,3824836,2,0,2,0,16,0,16,7,0,7,0,0,0,0,0,0,95.5,0,95.5,29.5,0,29.5,99,0,99,35,0,35,11874.5,0,11874.5,41148,0,41148,31209,0,31209,16,0,16,11874.5,0,11874.5,29.5,0,29.5,2,0,0,0,0,0,0,0,0,0,0,0,0,0,0,0,0,0,0,0
"DA63382","HR",2,0,3,3730589,27656,3758245,4109464.5,27656,4137120.5,2,0,2,1,30,16,46,14,0,14,0,4,4,0,0,0,187,0,187,26,36,26,86,616,616,37,0,37,35592.5,6305,9525.5,140408,0,140408,27507,0,27507,30,0,30,35592.5,0,35592.5,26,0,26,2,1,1,1,2,1,0,0,0,0,0,0,0,0,0,0,0,0,0,0
"DA63570","nonHR",0,1,4,105362,0,105362,2667470,0,2667470,3,0,3,0,373,0,373,8,0,8,5,0,5,1,0,1,100,0,100,26,0,26,865,0,865,726,0,726,1139,0,1139,95816,0,95816,7039,0,7039,63,0,63,264,0,264,31,0,31,3,1,1,1,1,1,0,0,0,0,0,0,0,0,0,0,0,0,0,0
"DA63580","nonHR",3,0,3,435513,0,435513,1067537,0,1067537,1,0,1,0,37,0,37,20,0,20,0,0,0,0,0,0,62,0,62,25,0,25,93,0,93,44,0,44,76769,0,76769,138608,0,138608,31000,0,31000,37,0,37,76769,0,76769,25,0,25,3,0,0,0,0,0,0,0,0,0,0,0,0,0,0,0,0,0,0,0
"DA63586","nonHR",1,0,3,206371,0,206371,2423518,0,2423518,2,0,2,0,29,0,29,14,0,14,1,0,1,1,0,1,259,0,259,26,0,26,1298,0,1298,1298,0,1298,47031,0,47031,98066.5,0,98066.5,34083,0,34083,29,0,29,47031,0,47031,26,0,26,3,0,0,0,0,0,0,0,0,0,0,0,0,0,0,0,0,0,0,0
"DA63588","nonHR",1,1,4,1987741,14329,2002070,2773331,14329,2787660,2,1,3,1,87,15,102,22,0,22,0,3,3,0,0,0,588,0,588,26,70,31,94,225,225,38,0,38,5110,139,1825.5,160016,0,160016,87330,0,87330,87,0,87,5110,0,5110,26,0,26,3,0,0,0,0,1,0,0,0,0,0,0,0,0,0,0,0,0,0,0
"DA63594","HR",3,0,2,1095067,59239,1154306,1095067,59239,1154306,1,1,2,1,10,17,27,3,0,3,0,6,6,0,0,0,78,0,78,29,37,32,36,821,821,26,0,26,18552,6659,8640,45950,0,45950,42429,0,42429,10,0,10,18552,0,18552,29,0,29,1,1,1,1,2,1,0,1,1,0,0,0,0,0,0,0,0,0,0,0
"DA63596","nonHR",4,1,5,300995,42596,343591,1073337,54889,1128226,1,1,2,2,101,131,232,26,49,75,3,15,18,0,6,6,100,3573,333.5,26,35,32,226,642,642,38,642,642,9592,26980,17776,159024.5,63137,72651,31121,25924,25924,101,0,101,9592,0,9592,26,0,26,3,1,2,2,2,2,0,0,1,0,0,0,0,0,0,0,0,0,0,0
"DA63608","HR",2,1,5,2355885,59126,2415011,2355885,179584,2535469,1,2,3,4,7,24,31,0,5,5,0,9,9,0,3,3,0,1261,1261,76,66,76,84,823,823,0,823,823,100,19134.5,10287,0,28566,28566,0,22661,22661,7,7,14,100,19463,7146.5,76,28,31.5,3,1,0,0,1,1,0,1,0,0,0,0,0,1,1,0,0,0,0,0
"DA63612","nonHR",3,0,3,1494232,0,1494232,3840891,0,3840891,2,0,2,0,136,0,136,36,0,36,3,0,3,0,0,0,289,0,289,30,0,30,205,0,205,37,0,37,20546,0,20546,143847.5,0,143847.5,31013,0,31013,136,0,136,20546,0,20546,30,0,30,3,0,0,0,0,0,0,0,0,0,0,0,0,0,0,0,0,0,0,0
"DA63626","nonHR",2,0,3,1313397,0,1313397,3495513,0,3495513,2,0,2,0,39,0,39,19,0,19,0,0,0,0,0,0,250.5,0,250.5,29,0,29,93,0,93,37,0,37,68522,0,68522,129492,0,129492,34083,0,34083,39,0,39,68522,0,68522,29,0,29,3,0,0,0,0,0,0,0,0,0,0,0,0,0,0,0,0,0,0,0
"DA63640","nonHR",4,0,3,300348,0,300348,1069054,0,1069054,1,0,1,0,95,0,95,26,0,26,0,0,0,0,0,0,100,0,100,26,0,26,84,0,84,38,0,38,7049,0,7049,159024.5,0,159024.5,31129,0,31129,95,0,95,7049,0,7049,26,0,26,3,0,0,0,0,0,0,0,0,0,0,0,0,0,0,0,0,0,0,0
"DA63642","nonHR",1,0,2,1649852,0,1649852,2036539,0,2036539,2,0,2,0,75,0,75,26,0,26,2,0,2,0,0,0,351,0,351,26,0,26,149,0,149,53,0,53,10764,0,10764,165616,0,165616,37428,0,37428,75,0,75,10764,0,10764,26,0,26,2,0,0,0,0,0,0,0,0,0,0,0,0,0,0,0,0,0,0,0
"DA63644","nonHR",4,0,3,1653230,0,1653230,3669725,0,3669725,1,0,1,0,86,0,86,23,0,23,0,0,0,0,0,0,100,0,100,26,0,26,84,0,84,38,0,38,7008,0,7008,152049,0,152049,31121,0,31121,86,0,86,7008,0,7008,26,0,26,3,0,0,0,0,0,0,0,0,0,0,0,0,0,0,0,0,0,0,0
"DA63648","nonHR",1,0,2,3844963,92473,3937436,3844963,92473,3937436,0,0,0,1,12,14,26,4,0,4,0,5,5,0,0,0,101,0,101,26,36,31.5,36,1009,1009,26,0,26,18552,5349,8645.5,46765,0,46765,43197,0,43197,12,0,12,18552,0,18552,26,0,26,1,0,0,0,0,1,0,0,0,0,0,0,1,0,0,0,0,0,0,0
"DA63652","nonHR",5,1,4,1420825,20943,1441768,3784427,20943,3805370,2,1,3,1,24,3,27,11,0,11,1,3,4,1,0,1,583,0,583,46.5,820,70,134,822,822,134,0,134,24103,9968,15696,28842,0,28842,28743,0,28743,24,0,24,24103,0,24103,46.5,0,46.5,3,1,0,1,2,1,0,1,1,0,0,0,0,0,0,0,0,0,0,0
"DA63654","nonHR",1,0,2,0,201,201,0,66319.5,66319.5,0,1,1,2,0,11,11,0,3,3,0,0,0,0,0,0,0,78,78,0,29,29,0,36,36,0,26,26,0,18552,18552,0,46726,46726,0,43205,43205,0,10,10,0,18552,18552,0,29,29,1,0,0,0,0,1,0,0,0,0,0,0,1,0,0,0,0,0,0,0
"DA63656","HR",5,0,3,4448145,36546,4484691,4811004.5,36546,4847550.5,2,1,3,1,22,44,66,8,12,20,0,4,4,0,1,1,98.5,1319,174,23,52.5,32.5,86,777,777,33,768,768,9990.5,16681.5,11951.5,66262,47063,47063,37574,18874,18874,22,0,22,9990.5,0,9990.5,23,0,23,2,1,1,1,2,1,0,0,0,0,0,0,0,0,0,0,0,0,0,0
"DA63658","nonHR",5,0,2,388650,0,388650,752627.5,0,752627.5,0,0,0,0,20,0,20,7,0,7,2,0,2,0,0,0,93,0,93,29.5,0,29.5,1310,0,1310,35,0,35,36258,0,36258,41185,0,41185,31247,0,31247,20,0,20,36258,0,36258,29.5,0,29.5,2,1,0,0,0,0,0,0,1,0,0,0,0,0,0,0,0,0,0,0
"DA63660","HR",1,0,3,1351757,0,1351757,3629590,0,3629590,2,0,2,0,34,0,34,15,0,15,0,0,0,0,0,0,33,0,33,25,0,25,93,0,93,41,0,41,39164,0,39164,95984,0,95984,34083,0,34083,34,0,34,39164,0,39164,25,0,25,3,0,0,0,0,0,0,0,0,0,0,0,0,0,0,0,0,0,0,0
"DA63662","nonHR",1,0,2,3786609,0,3786609,4139820.5,0,4139820.5,2,0,2,0,23,0,23,7,0,7,0,0,0,0,0,0,174,0,174,23,0,23,86,0,86,33,0,33,10036,0,10036,88582,0,88582,37575,0,37575,23,0,23,10036,0,10036,23,0,23,2,0,0,0,0,0,0,0,0,0,0,0,0,0,0,0,0,0,0,0
"DA63668","nonHR",0,0,2,3612482,0,3612482,4044830.5,0,4044830.5,2,0,2,0,69,0,69,25,0,25,1,0,1,0,0,0,329.5,0,329.5,26,0,26,117,0,117,53,0,53,11372,0,11372,173801,0,173801,32593,0,32593,69,0,69,11372,0,11372,26,0,26,2,0,0,0,0,0,0,0,0,0,0,0,0,0,0,0,0,0,0,0
"DA63672","HR",3,0,3,388847,58876,447723,756957,58876,815833,0,0,0,1,35,1,36,7,1,8,8,0,8,0,0,0,93,20,40,35,20,34.5,160,20,160,35,20,35,283,39845,1887,41185,39845,41138,31247,39845,31247,35,0,35,283,0,283,35,0,35,2,1,1,1,1,1,0,0,1,0,0,0,0,0,0,0,0,0,0,0
"DA63678","nonHR",2,0,3,169814,499582,669396,1271148.5,499582,1770730.5,1,1,2,1,11,23,34,3,13,16,0,0,0,0,0,0,45.5,369,64,35,32,34,84,93,93,33,44,44,19459,78054,40674.5,135458,131355,133406.5,31142,34083,31142,11,23,34,19459,78054,40674.5,35,32,34,3,0,0,0,0,0,0,0,0,0,0,0,0,0,0,0,0,0,0,0
"DA63680","nonHR",3,0,2,4004638,59748,4064386,4004638,59748,4064386,0,0,0,1,10,45,55,4,1,5,0,9,9,0,0,0,101,20,60.5,26,53,46,36,821,821,26,20,26,24327,18493,18599,45997,61435,46044,42429,61435,42429,10,0,10,24327,0,24327,26,0,26,1,1,1,1,2,0,0,1,1,0,1,0,0,0,0,0,0,0,0,0
"DA63682","nonHR",1,0,2,3677878,0,3677878,4028710.5,0,4028710.5,2,0,2,0,39,0,39,7,0,7,11,0,11,0,0,0,99,0,99,43,0,43,196,0,196,35,0,35,319,0,319,41192,0,41192,31250,0,31250,39,0,39,319,0,319,43,0,43,2,0,0,0,0,0,0,0,0,0,0,0,0,0,0,0,0,0,0,0
"DA63684","nonHR",3,0,2,354613,0,354613,707509,0,707509,0,0,0,0,23,0,23,9,0,9,1,0,1,0,0,0,127,0,127,29,0,29,106,0,106,36,0,36,18701,0,18701,93569,0,93569,31250,0,31250,23,0,23,18701,0,18701,29,0,29,2,0,0,0,0,0,0,0,0,0,0,0,0,0,0,0,0,0,0,0
"DA63686","nonHR",1,0,2,3841718,0,3841718,4215600,0,4215600,2,0,2,0,87,0,87,31,0,31,3,0,3,0,0,0,405.5,0,405.5,26,0,26,112,0,112,53,0,53,11330,0,11330,175656,0,175656,37574,0,37574,87,0,87,11330,0,11330,26,0,26,2,0,0,0,0,0,0,0,0,0,0,0,0,0,0,0,0,0,0,0
"DA63688","HR",3,1,5,298774,40709,339483,1065653,46581,1112234,1,2,3,2,89,10,99,22,1,23,0,1,1,0,0,0,299,21,31,26,23,26,94,118,118,38,21,38,7008,194.5,5110.5,160118,63101,160073,31121,63101,31121,89,0,89,7008,0,7008,26,0,26,3,0,0,1,2,2,0,0,0,0,0,0,0,0,0,0,0,0,0,0
"DA63690","HR",1,0,3,3650255,0,3650255,3870994,0,3870994,1,0,1,0,66,0,66,18,0,18,12,0,12,7,0,7,1508,0,1508,32,0,32,824,0,824,820,0,820,3538,0,3538,14227.5,0,14227.5,5656,0,5656,10,0,10,24326,0,24326,26,0,26,1,0,1,1,1,2,0,0,1,0,0,1,1,0,0,0,0,0,0,0
"DA63694","HR",2,0,2,4346411,535,4346946,4346411,535,4346946,0,0,0,1,10,1,11,4,0,4,0,0,0,0,0,0,101,0,101,26,0,26,36,0,36,26,0,26,24327,0,24327,45997,0,45997,42429,0,42429,10,0,10,24327,0,24327,26,0,26,1,0,1,1,0,1,0,0,0,0,0,0,0,0,0,0,0,0,0,0
"DA63696","nonHR",3,0,2,350556,0,350556,744938,0,744938,0,0,0,0,15,0,15,6,0,6,1,0,1,0,0,0,83,0,83,27,0,27,106,0,106,35,0,35,14118,0,14118,41151,0,41151,31247,0,31247,15,0,15,14118,0,14118,27,0,27,2,0,0,0,0,0,0,0,0,0,0,0,0,0,0,0,0,0,0,0
"DA63698","nonHR",4,1,4,2125969,35917,2161886,2820944,35917,2856861,2,1,3,1,22,24,46,3,0,3,3,1,4,1,0,1,366.5,0,366.5,48.5,33,37,1310,138,1310,686,0,686,6963,6298.5,6298.5,115855,0,115855,86842,0,86842,22,0,22,6963,0,6963,48.5,0,48.5,3,1,1,0,1,1,0,0,0,0,0,0,0,0,0,0,0,0,0,0
"DA63702","nonHR",1,0,2,3815119,0,3815119,4195305,0,4195305,2,0,2,0,19,0,19,7,0,7,0,0,0,0,0,0,93,0,93,26,0,26,99,0,99,35,0,35,13714,0,13714,41179,0,41179,31240,0,31240,19,0,19,13714,0,13714,26,0,26,2,0,0,0,0,0,0,0,0,0,0,0,0,0,0,0,0,0,0,0
"DA63704","nonHR",2,0,3,205818,437920,643738,205818,510045,715863,0,2,2,2,10,27,37,3,14,17,0,0,0,0,0,0,79,210,111,44,32,32,84,93,93,27,44,44,15174.5,78055,47018,134410,119448,131876,108039,34084,34084,10,27,37,15174.5,78055,47018,44,32,32,3,0,0,0,0,0,0,0,0,0,0,0,0,0,0,0,0,0,0,0
"DA63706","HR",4,0,3,1707502,0,1707502,1712414,0,1712414,1,0,1,0,34,0,34,14,0,14,0,0,0,0,0,0,124,0,124,26,0,26,84,0,84,26,0,26,17402,0,17402,133670,0,133670,20002,0,20002,10,0,10,24327,0,24327,26,0,26,1,1,1,1,2,0,0,1,1,0,1,0,0,1,1,0,0,0,0,0
"DA63710","nonHR",0,0,2,3824780,0,3824780,4219793.5,0,4219793.5,2,0,2,0,24,0,24,8,0,8,0,0,0,0,0,0,97,0,97,23,0,23,86,0,86,33,0,33,11874,0,11874,102984,0,102984,37574,0,37574,24,0,24,11874,0,11874,23,0,23,2,0,0,0,0,0,0,0,0,0,0,0,0,0,0,0,0,0,0,0
"DA63714","nonHR",3,0,1,3996045,0,3996045,3996045,0,3996045,0,0,0,0,13,0,13,4,0,4,0,0,0,0,0,0,101,0,101,26,0,26,36,0,36,26,0,26,30055,0,30055,47250,0,47250,43682,0,43682,13,0,13,30055,0,30055,26,0,26,1,0,0,0,0,0,0,0,0,0,0,0,0,0,0,0,0,0,0,0
"DA63718","nonHR",1,0,3,1410177,0,1410177,3723713,0,3723713,2,0,2,0,29,0,29,13,0,13,0,0,0,0,0,0,33,0,33,36,0,36,93,0,93,43,0,43,54775,0,54775,124172,0,124172,34076,0,34076,29,0,29,54775,0,54775,36,0,36,3,0,0,0,0,0,0,0,0,0,0,0,0,0,0,0,0,0,0,0
"DA63722","nonHR",4,0,3,299968,0,299968,1066769,0,1066769,1,0,1,0,95,0,95,26,0,26,0,0,0,0,0,0,100,0,100,26,0,26,84,0,84,38,0,38,7049,0,7049,159791.5,0,159791.5,31121,0,31121,95,0,95,7049,0,7049,26,0,26,3,0,0,0,0,0,0,0,0,0,0,0,0,0,0,0,0,0,0,0
"DA63724","nonHR",14,0,3,790532,11188,801720,1152819.5,11188,1164007.5,2,0,2,1,36,1,37,7,0,7,10,0,10,0,0,0,93,0,93,47.5,0,47.5,187,0,187,35,0,35,292,0,292,41185,0,41185,31247,0,31247,36,0,36,292,0,292,47.5,0,47.5,2,1,1,1,2,1,0,1,1,0,0,0,0,0,0,0,0,0,0,0
"DA63728","nonHR",3,0,3,301545,0,301545,1069539,0,1069539,1,0,1,0,95,0,95,26,0,26,0,0,0,0,0,0,100,0,100,26,0,26,84,0,84,38,0,38,7049,0,7049,159024.5,0,159024.5,31129,0,31129,95,0,95,7049,0,7049,26,0,26,3,0,0,0,0,0,0,0,0,0,0,0,0,0,0,0,0,0,0,0
"DA63730","nonHR",3,0,1,1722258,0,1722258,1722258,0,1722258,1,0,1,0,10,0,10,3,0,3,0,0,0,0,0,0,78,0,78,26,0,26,32,0,32,26,0,26,9990,0,9990,37393,0,37393,33872,0,33872,10,0,10,9990,0,9990,26,0,26,1,0,0,0,0,0,0,0,0,0,0,0,0,0,0,0,0,0,0,0
"DA63734","nonHR",3,0,2,1861696,0,1861696,2240281,0,2240281,2,0,2,0,28,0,28,4,0,4,3,0,3,0,0,0,55.5,0,55.5,34.5,0,34.5,124,0,124,35,0,35,1696,0,1696,115830.5,0,115830.5,31121,0,31121,28,0,28,1696,0,1696,34.5,0,34.5,2,0,0,0,0,0,0,0,0,0,0,0,0,0,0,0,0,0,0,0
"DA63738","nonHR",17,0,2,3029699,0,3029699,3462043.5,0,3462043.5,0,0,0,0,72,0,72,25,0,25,2,0,2,0,0,0,329.5,0,329.5,26,0,26,117,0,117,53,0,53,11082.5,0,11082.5,173801,0,173801,32598,0,32598,72,0,72,11082.5,0,11082.5,26,0,26,2,0,0,0,0,0,0,0,0,0,0,0,0,0,0,0,0,0,0,0
"DA63746","nonHR",25,0,2,3603896,0,3603896,3968124,0,3968124,2,0,2,0,20,0,20,6,0,6,0,0,0,0,0,0,75,0,75,30,0,30,98,0,98,32,0,32,15376.5,0,15376.5,63936,0,63936,33771,0,33771,20,0,20,15376.5,0,15376.5,30,0,30,2,0,0,0,0,0,0,0,0,0,0,0,0,0,0,0,0,0,0,0
"DA63748","nonHR",0,0,3,959195,0,959195,1663504,0,1663504,3,0,3,0,69,0,69,8,0,8,6,0,6,1,0,1,498,0,498,26,0,26,859,0,859,822,0,822,3992,0,3992,64729,0,64729,7122,0,7122,40,0,40,41970.5,0,41970.5,25,0,25,2,0,1,1,1,1,0,0,0,0,0,1,0,0,0,0,0,0,0,0
"DA63752","HR",0,0,3,0,186459,186459,0,486827,486827,0,2,2,3,0,56,56,0,16,16,0,10,10,0,6,6,0,1354,1354,0,32,32,0,824,824,0,824,824,0,1369.5,1369.5,0,14174.5,14174.5,0,6808,6808,0,8,8,0,24326,24326,0,26,26,1,0,1,1,1,2,0,0,1,0,0,1,1,0,0,0,0,0,0,0
"DA63758","nonHR",3,0,2,3613813,0,3613813,3957853,0,3957853,2,0,2,0,25,0,25,8,0,8,0,0,0,0,0,0,109,0,109,29,0,29,86,0,86,35,0,35,18701,0,18701,65581,0,65581,31250,0,31250,25,0,25,18701,0,18701,29,0,29,2,0,0,0,0,0,0,0,0,0,0,0,0,0,0,0,0,0,0,0
"DA63760","nonHR",4,1,5,1561105,0,1561105,4603586,0,4603586,4,0,4,0,47,0,47,1,0,1,9,0,9,0,0,0,20,0,20,37,0,37,2955,0,2955,20,0,20,4211,0,4211,91061,0,91061,91061,0,91061,23,0,23,3547,0,3547,32,0,32,3,0,0,0,0,0,0,0,0,0,1,0,1,1,1,0,0,0,0,0
"DA63762","nonHR",2,0,3,1526085,0,1526085,3493961,0,3493961,1,0,1,0,37,0,37,20,0,20,1,0,1,0,0,0,62,0,62,26,0,26,1333,0,1333,44,0,44,76769,0,76769,139402,0,139402,33166,0,33166,37,0,37,76769,0,76769,26,0,26,3,1,1,1,2,0,0,0,1,0,0,0,0,0,0,0,0,0,0,0
"DA63770","nonHR",1,0,3,1331242,0,1331242,3414411,0,3414411,2,0,2,0,131,0,131,46,0,46,1,0,1,0,0,0,481,0,481,27,0,27,206,0,206,37,0,37,34764,0,34764,130290,0,130290,22936,0,22936,131,0,131,34764,0,34764,27,0,27,3,0,0,0,0,0,0,0,0,0,0,0,0,0,0,0,0,0,0,0
"DA63772","HR",4,0,3,2995083,613418,3608501,3002669,613418,3616087,1,1,2,1,58,8,66,20,3,23,42,0,42,20,0,20,8734.5,78,7913,820,26,820,1346,36,1346,1346,26,1346,8838.5,24327,9350.5,32907,45950,33990,14547,42429,14547,0,8,8,0,24327,24327,0,26,26,1,0,0,0,1,0,0,0,1,0,1,0,1,1,1,1,0,0,0,0
"DA63776","HR",7,1,5,122241,10143,132384,2047281,35235.5,2082516.5,2,2,4,2,100,53,153,31,16,47,0,8,8,0,3,3,414,678,572.5,31,35,34,93,768,768,41,583,583,31813.5,2822,17212,103524,6812.5,93794,31706,6124,6124,100,0,100,31813.5,0,31813.5,31,0,31,3,1,1,1,2,2,0,0,1,0,0,0,0,0,0,0,0,0,0,0
"DA63780","HR",1,1,4,3618900,36654,3655554,4051044.5,46233,4097277.5,2,2,4,2,2,4,6,0,0,0,0,0,0,0,0,0,0,0,0,0,31,31,0,52,52,0,0,0,0,25919,25919,0,0,0,0,0,0,2,0,2,0,0,0,0,0,0,2,0,0,0,1,1,0,0,0,0,0,0,0,1,0,0,0,0,0,0
"DA63784","HR",3,0,3,1492280,77031,1569311,1883619,77031,1960650,0,0,0,1,85,77,162,27,18,45,5,13,18,0,5,5,357.5,3632,637,26,52,32.5,149,821,821,53,821,821,11085,13107,12116,175770,52366,145075,39021,7480,7480,85,0,85,11085,0,11085,26,0,26,2,1,1,1,2,1,0,0,0,0,0,1,0,0,0,0,0,0,0,0
"DA63786","nonHR",4,0,3,1469778,0,1469778,3712116,0,3712116,2,0,2,0,104,0,104,12,0,12,2,0,2,0,0,0,141.5,0,141.5,30,0,30,144,0,144,26,0,26,347.5,0,347.5,137861.5,0,137861.5,89600,0,89600,104,0,104,347.5,0,347.5,30,0,30,3,0,0,0,0,0,0,0,0,0,0,0,0,0,0,0,0,0,0,0
"DA63790","HR",8,0,3,3965761,43198,4008959,4335632,43198,4378830,0,1,1,1,27,36,63,19,2,21,1,3,4,1,0,1,405.5,75,107,30,46,36,110,422,422,110,46,110,53206,4519,10156,53237,28201.5,53236,28716,28193,28193,21,0,21,53206,0,53206,32,0,32,1,0,0,0,0,2,0,0,0,0,0,0,0,0,0,0,0,0,0,0
"DA63796","nonHR",0,0,3,1239079,586850,1825929,2314564,586850,2901414,1,0,1,1,10,15,25,4,8,12,0,0,0,0,0,0,59,216,91,47,23,29,84,96,96,33,44,44,15671,62335,34076,83372.5,109860.5,109860.5,31089,34076,31089,10,15,25,15671,62335,34076,47,23,29,3,0,0,0,0,0,0,0,0,0,0,0,0,0,0,0,0,0,0,0
"DA63804","nonHR",0,0,2,1503024,1788805,3291829,1503024,1788805,3291829,0,1,1,1,74,1,75,24,0,24,5,0,5,0,0,0,637,0,637,26,23,26,149,23,149,53,0,53,11094.5,44760,11104,175848.5,0,175848.5,74723,0,74723,74,1,75,11094.5,44760,11104,26,23,26,2,0,0,0,0,0,0,0,0,0,0,0,0,0,0,0,0,0,0,0
"DA63808","nonHR",3,0,3,1288635,101694,1390329,1288635,141374,1430009,1,1,2,2,16,68,84,4,2,6,0,3,3,0,0,0,100,25.5,31,44,31,31,84,207,207,26,31,31,210,347.5,321,104341,60297,104241,104191,31121,31121,16,68,84,210,347.5,321,44,31,31,3,0,0,0,0,0,0,0,0,0,0,0,0,0,0,0,0,0,0,0
"DA63814","HR",2,1,5,1572543,18279,1590822,3543977,19921,3563898,1,0,1,2,23,10,33,11,0,11,0,2,2,0,0,0,64,0,64,31,41.5,33,93,823,823,41,0,41,41817,1819,4568,100404,0,100404,31920,0,31920,23,0,23,41817,0,41817,31,0,31,3,0,0,0,1,1,0,0,0,0,1,1,0,0,0,0,0,0,0,0
"DA63818","nonHR",3,0,3,300348,0,300348,1068347,0,1068347,1,0,1,0,96,0,96,27,0,27,0,0,0,0,0,0,124,0,124,26,0,26,84,0,84,38,0,38,7096,0,7096,158968,0,158968,31129,0,31129,96,0,96,7096,0,7096,26,0,26,3,0,0,0,0,0,0,0,0,0,0,0,0,0,0,0,0,0,0,0
"DA63822","nonHR",1,0,2,3567570,63009,3630579,3567570,63009,3630579,1,1,2,1,1,17,18,0,0,0,0,0,0,0,0,0,0,0,0,0,28,28,0,92,92,0,0,0,0,265,265,0,0,0,0,0,0,1,0,1,0,0,0,0,0,0,1,1,1,1,2,1,0,1,1,0,0,0,1,0,0,0,0,0,0,0
"DA63826","HR",8,1,4,359179,53171,412350,2388803,53171,2441974,1,1,2,1,95,29,124,26,9,35,0,12,12,0,5,5,100,3218,333.5,26,70,31,84,823,823,38,823,823,7049,7322,7096,160213.5,32538,145296,31121,7367,7367,95,0,95,7049,0,7049,26,0,26,3,0,1,1,2,1,0,0,1,0,0,0,0,0,0,0,0,0,0,0
"DA63828","HR",1,0,3,52389,41040,93429,1873732,41040,1914772,1,1,2,1,12,19,31,3,0,3,0,3,3,0,0,0,78,0,78,29,37,32,50,309,309,26,0,26,17393,5083,5369,45950,0,45950,42429,0,42429,10,0,10,18552,0,18552,29,0,29,1,0,0,0,0,2,0,0,0,0,0,0,0,0,0,0,0,0,0,0
"DA63832","nonHR",3,0,3,166580,0,166580,933638,0,933638,2,0,2,0,93,0,93,26,0,26,0,0,0,0,0,0,344,0,344,26,0,26,86,0,86,38,0,38,6967,0,6967,159024.5,0,159024.5,87441,0,87441,93,0,93,6967,0,6967,26,0,26,3,0,0,0,0,0,0,0,0,0,0,0,0,0,0,0,0,0,0,0
"DA63834","nonHR",2,1,4,8306,171191,179497,218841.5,196861.5,415703,1,1,2,2,48,74,122,22,4,26,1,4,5,1,0,1,650.5,100,567,26,32,26,734,226,734,734,26,734,25606,349.5,5204.5,160904,104930,159801.5,12022,104780,12022,47,74,121,25651,349.5,5019,26,32,26,3,1,1,1,1,1,0,0,1,0,0,0,0,0,0,0,0,0,0,0
"DA63836","nonHR",0,0,2,3620831,0,3620831,3994308,0,3994308,2,0,2,0,63,0,63,17,0,17,0,0,0,0,0,0,210.5,0,210.5,24,0,24,91,0,91,32,0,32,360,0,360,148577,0,148577,31119,0,31119,63,0,63,360,0,360,24,0,24,2,0,0,0,0,0,0,0,0,0,0,0,0,0,0,0,0,0,0,0
"DA63838","nonHR",3,0,2,3571568,0,3571568,3942251,0,3942251,2,0,2,0,49,0,49,11,0,11,1,0,1,0,0,0,141.5,0,141.5,32,0,32,105,0,105,36,0,36,15477,0,15477,166880,0,166880,42430,0,42430,49,0,49,15477,0,15477,32,0,32,2,0,0,0,0,0,0,0,0,0,0,0,0,0,0,0,0,0,0,0
"DA63842","HR",1,1,4,1343358,64988,1408346,3531156,64988,3596144,2,1,3,1,37,44,81,20,2,22,0,2,2,0,1,1,53,841,254.5,27,33,32,93,1786,1786,44,821,821,76769,8539,8620,138704,34928.5,136371.5,34076,7109,7109,37,0,37,76769,0,76769,27,0,27,3,1,1,1,1,1,0,0,0,0,0,0,0,0,0,0,0,0,0,0
"DA63848","nonHR",1,0,3,3829689,59616,3889305,4180580.5,59616,4240196.5,2,0,2,1,2,10,12,0,0,0,0,0,0,0,0,0,0,0,0,0,32,32,0,92,92,0,0,0,0,14554.5,14554.5,0,0,0,0,0,0,2,0,2,0,0,0,0,0,0,2,0,0,0,0,1,0,0,0,0,0,0,0,0,0,0,0,0,0,0
"DA63854","nonHR",4,0,3,721061,0,721061,2781073,0,2781073,1,0,1,0,96,0,96,28,0,28,0,0,0,0,0,0,124,0,124,26,0,26,86,0,86,38,0,38,6037.5,0,6037.5,158915.5,0,158915.5,31121,0,31121,96,0,96,6037.5,0,6037.5,26,0,26,3,0,0,0,1,0,0,0,0,0,0,0,0,0,0,0,0,0,0,0
"DA63862","HR",5,1,6,1846485,7259,1853744,3797503,48183,3845686,1,2,3,3,14,51,65,2,6,8,0,14,14,0,1,1,25.5,141.5,79,45,41,41,84,1009,1009,31,156,156,2137,5086,4441.5,59755,7379,11879.5,31958,2856,2856,14,0,14,2137,0,2137,45,0,45,3,1,1,1,2,3,0,1,1,0,0,0,1,0,0,0,0,0,0,0
"DA63864","nonHR",2,0,3,2267645,48718,2316363,2701444.5,48718,2750162.5,2,0,2,1,71,21,92,25,0,25,1,3,4,0,0,0,336,0,336,26,37,29,117,330,330,53,0,53,11376,5354,8660.5,173802,0,173802,31250,0,31250,71,0,71,11376,0,11376,26,0,26,2,0,0,0,1,1,0,0,0,0,0,0,0,0,0,0,0,0,0,0
"DA63870","HR",2,1,4,2002984,5741,2008725,2002984,208543,2211527,1,2,3,3,18,77,95,4,19,23,0,0,0,0,0,0,100,495,297.5,35.5,26,26,84,86,86,26,38,38,260,7008,2553.5,104341,160327,152793,104191,88499,88499,18,76,94,260,7008,2553.5,35.5,26,26,3,1,1,1,2,1,0,0,0,0,0,0,0,0,0,0,0,0,0,0
"DA63874","nonHR",0,0,3,50201,0,50201,2036930,0,2036930,2,0,2,0,24,0,24,5,0,5,1,0,1,0,0,0,64.5,0,64.5,47.5,0,47.5,485,0,485,29,0,29,268,0,268,109012,0,109012,30986,0,30986,24,0,24,268,0,268,47.5,0,47.5,3,0,0,0,0,0,0,0,0,0,0,0,0,0,0,0,0,0,0,0
"DA63876","nonHR",1,0,2,1484269,0,1484269,1835100.5,0,1835100.5,2,0,2,0,25,0,25,7,0,7,0,0,0,0,0,0,99,0,99,29,0,29,79,0,79,35,0,35,9944,0,9944,41187,0,41187,31251,0,31251,25,0,25,9944,0,9944,29,0,29,2,0,0,0,0,0,0,0,0,0,0,0,0,0,0,0,0,0,0,0
"DA63878","nonHR",1,0,2,3245309,0,3245309,3596092,0,3596092,0,0,0,0,27,0,27,7,0,7,1,0,1,0,0,0,99,0,99,32,0,32,106,0,106,35,0,35,9944,0,9944,41186,0,41186,31250,0,31250,27,0,27,9944,0,9944,32,0,32,2,0,0,0,0,0,0,0,0,0,0,0,0,0,0,0,0,0,0,0
"DA63880","nonHR",0,0,1,3251423,0,3251423,3251423,0,3251423,0,0,0,0,12,0,12,4,0,4,0,0,0,0,0,0,101,0,101,26,0,26,36,0,36,26,0,26,18552,0,18552,45997,0,45997,42429,0,42429,12,0,12,18552,0,18552,26,0,26,1,1,0,0,0,0,0,0,1,1,0,0,0,0,0,0,0,0,0,0
"DA63882","nonHR",1,0,3,3834850,4925,3839775,4243062.5,4925,4247987.5,2,1,3,1,20,27,47,9,9,18,0,1,1,0,0,0,121,438,166,26.5,38,32,99,422,422,36,83,83,33523,12301,12304,111659,27420,29345.5,31239,27389,27389,20,0,20,33523,0,33523,26.5,0,26.5,2,1,0,0,0,1,0,0,0,0,0,0,0,0,0,0,0,0,0,0
"DA63884","HR",2,0,3,4016060,71807,4087867,4016060,79513,4095573,0,2,2,2,10,171,181,4,50,54,0,92,92,0,35,35,101,10304.5,9824,26,109,100,36,824,824,26,824,824,24327,18110,18151,45997,42409,44745,42429,5181,5181,10,0,10,24327,0,24327,26,0,26,1,1,0,0,1,0,0,1,1,0,1,0,0,1,1,0,0,0,0,0
"DA63886","nonHR",4,0,3,1496921,0,1496921,3730031,0,3730031,2,0,2,0,13,0,13,1,0,1,0,0,0,0,0,0,20,0,20,76,0,76,86,0,86,20,0,20,168,0,168,84899,0,84899,84899,0,84899,13,0,13,168,0,168,76,0,76,3,0,0,0,0,0,0,0,0,0,0,0,0,0,0,0,0,0,0,0
"DA63888","HR",2,1,4,1682925,26385,1709310,1682925,356962,2039887,1,1,2,3,70,66,136,21,34,55,0,23,23,0,7,7,555,1623,555,30,65.5,36,85,826,826,35,641,641,20237.5,15704.5,17967,102746,50186,57273,30928,10010,10010,70,13,83,20237.5,268,17731,30,58,31,3,0,1,1,1,1,0,0,1,1,0,1,1,0,0,0,0,0,0,0
"DA63890","HR",4,1,6,819129,76488,895617,3639857,76488,3716345,4,0,4,1,117,83,200,40,26,66,1,36,37,0,8,8,105,3516,242,27,82,34.5,225,825,825,37,825,825,30872,11609,20437,130589.5,48701,70199.5,22644,5137,5137,105,0,105,30872,0,30872,29,0,29,3,1,1,1,1,1,0,1,1,0,2,0,1,0,0,0,0,0,0,0
"DA63892","nonHR",3,1,4,1877461,36276,1913737,1877461,324051,2201512,1,3,4,3,1,13,14,0,0,0,0,0,0,0,0,0,0,0,0,0,35,35,0,84,84,0,0,0,0,195,195,0,0,0,0,0,0,1,10,11,0,164,164,0,38,38,3,1,1,1,1,1,0,0,0,0,0,0,0,0,0,0,0,0,0,1
"DA63894","nonHR",1,0,2,3832119,0,3832119,4194454,0,4194454,2,0,2,0,27,0,27,8,0,8,0,0,0,0,0,0,98,0,98,23,0,23,86,0,86,33,0,33,14658,0,14658,110964,0,110964,37574,0,37574,27,0,27,14658,0,14658,23,0,23,2,0,0,0,0,0,0,0,0,0,0,0,0,0,0,0,0,0,0,0
"DA63896","HR",3,1,5,1227897,11762,1239659,1227897,485667,1713564,0,2,2,4,9,260,269,1,51,52,0,19,19,0,5,5,27,486.5,482,61,28.5,29,84,820,820,27,768,768,162,1754,1725,135263,83445,83451,135263,3209,3209,9,87,96,162,38752,35597,61,30,30.5,3,1,1,1,2,1,0,1,1,0,1,1,0,0,0,0,1,0,0,0
"DA63898","nonHR",1,0,2,3727547,0,3727547,4078381,0,4078381,2,0,2,0,32,0,32,7,0,7,4,0,4,0,0,0,99,0,99,33.5,0,33.5,133,0,133,35,0,35,3239,0,3239,41186,0,41186,31250,0,31250,32,0,32,3239,0,3239,33.5,0,33.5,2,0,0,0,0,0,0,0,0,0,0,0,0,0,0,0,0,0,0,0
"DA63900","nonHR",8,1,4,212601,62624,275225,2582729,62624,2645353,2,1,3,1,94,49,143,30,2,32,0,4,4,0,0,0,118,50,111.5,30,35,30,93,583,583,37,30,37,22686.5,367,11344,103383.5,46598.5,103290.5,22790,30490,22790,94,0,94,22686.5,0,22686.5,30,0,30,3,1,1,1,2,1,0,0,1,0,0,1,0,0,0,0,0,0,0,0
"DA63902","nonHR",3,0,2,3851161,0,3851161,4214244,0,4214244,2,0,2,0,87,0,87,31,0,31,3,0,3,0,0,0,405.5,0,405.5,26,0,26,112,0,112,53,0,53,11330,0,11330,175656,0,175656,39018,0,39018,87,0,87,11330,0,11330,26,0,26,2,1,0,0,1,0,1,0,0,0,0,0,0,0,0,0,0,0,0,0
"DA63906","nonHR",2,0,3,0,170116,170116,0,199319,199319,0,3,3,3,0,24,24,0,11,11,0,0,0,0,0,0,0,53,53,0,26.5,26.5,0,93,93,0,41,41,0,54707.5,54707.5,0,101918,101918,0,34082,34082,0,24,24,0,54707.5,54707.5,0,26.5,26.5,3,0,0,0,0,0,0,0,0,0,0,0,0,0,0,0,0,0,0,0
"DA63908","nonHR",8,0,3,1453833,0,1453833,3736531,0,3736531,2,0,2,0,109,0,109,31,0,31,2,0,2,0,0,0,174,0,174,27,0,27,139,0,139,37,0,37,31047,0,31047,102772,0,102772,31047,0,31047,109,0,109,31047,0,31047,27,0,27,3,1,0,0,0,0,1,0,0,0,0,0,0,0,0,0,0,0,0,0
"DA63914","HR",5,1,5,25883,143436,169319,25883,172979,198862,0,2,2,4,2,39,41,0,18,18,0,10,10,0,6,6,0,782.5,782.5,79,42,42,80,820,820,0,261,261,150.5,12901,12633,0,24414.5,24414.5,0,12901,12901,2,3,5,150.5,19395,13367,79,28,31,3,0,1,1,1,1,0,0,1,1,1,1,1,0,0,0,0,0,0,0
"DA63916","nonHR",0,0,3,206739,0,206739,2411767,0,2411767,2,0,2,0,89,0,89,21,0,21,13,0,13,0,0,0,101,0,101,36,0,36,1229,0,1229,41,0,41,21584,0,21584,135614,0,135614,22936,0,22936,89,0,89,21584,0,21584,36,0,36,3,0,0,0,0,0,0,0,0,0,0,0,0,0,0,0,0,0,0,0
"DA63918","nonHR",0,0,2,329797,0,329797,725334.5,0,725334.5,0,0,0,0,42,0,42,5,0,5,1,0,1,0,0,0,146,0,146,29.5,0,29.5,106,0,106,35,0,35,411,0,411,41092,0,41092,31247,0,31247,42,0,42,411,0,411,29.5,0,29.5,2,0,0,0,0,0,0,0,0,0,0,0,0,0,0,0,0,0,0,0
"DA63920","nonHR",3,0,2,3918484,0,3918484,4307908.5,0,4307908.5,2,0,2,0,87,0,87,31,0,31,3,0,3,0,0,0,405.5,0,405.5,26,0,26,112,0,112,53,0,53,11330,0,11330,177103,0,177103,37574,0,37574,87,0,87,11330,0,11330,26,0,26,2,0,0,0,0,0,0,0,0,0,0,0,0,0,0,0,0,0,0,0
"DA63922","HR",4,1,4,1676432,15083,1691515,3542153,15083,3557236,1,1,2,1,36,27,63,20,0,20,0,3,3,0,0,0,64,0,64,31,36,32,93,1786,1786,44,0,44,78507,3230,8588,139102,0,139102,31070,0,31070,36,0,36,78507,0,78507,31,0,31,3,1,1,1,1,1,0,0,0,1,0,0,0,0,0,0,0,0,0,0
"DA63924","nonHR",8,1,4,1418762,78122,1496884,3565653,78122,3643775,2,0,2,1,116,40,156,35,4,39,3,3,6,0,1,1,273,1288,414,30,29,30,1199,1201,1201,41,1201,1201,30398.5,277.5,17522,108315,41430,102653,22790,7074,7074,116,0,116,30398.5,0,30398.5,30,0,30,3,1,1,1,2,1,0,0,1,0,0,0,0,0,0,0,0,0,0,0
"DA63926","nonHR",1,0,2,130886,44969,175855,130886,44969,175855,1,1,2,1,10,15,25,3,0,3,0,4,4,0,0,0,78,0,78,29,37,32,36,820,820,26,0,26,18552,5369,8637,45950,0,45950,42429,0,42429,10,0,10,18552,0,18552,29,0,29,1,0,0,0,0,1,0,0,0,0,0,0,0,0,0,0,0,0,0,0
"DA63928","nonHR",2,0,2,1104439,0,1104439,1507417,0,1507417,0,0,0,0,22,0,22,10,0,10,1,0,1,0,0,0,154.5,0,154.5,24,0,24,106,0,106,88,0,88,25642.5,0,25642.5,102652,0,102652,37573,0,37573,22,0,22,25642.5,0,25642.5,24,0,24,2,1,0,0,0,0,1,0,0,0,0,1,0,0,0,0,0,0,0,0
"DA63932","HR",4,0,2,3931637,44557,3976194,3931637,44557,3976194,0,1,1,1,10,29,39,4,2,6,0,4,4,0,0,0,101,75,88,26,42,32,36,822,822,26,46,46,24327,3334,6783,45997,29964.5,44189.5,42429,29956,29956,10,0,10,24327,0,24327,26,0,26,1,0,0,0,0,1,0,0,0,0,0,0,1,0,0,0,0,0,0,0
"DA63934","HR",4,0,2,1222171,75883,1298054,1222171,75883,1298054,0,1,1,1,10,45,55,4,37,41,0,3,3,0,1,1,101,1842,971.5,26,45,33,36,704,704,26,173,173,24327,75391,75370,45997,80218,80212,42429,43330,42429,10,0,10,24327,0,24327,26,0,26,1,0,0,0,0,1,0,0,0,0,0,0,0,0,0,0,0,0,0,0
"DA63938","nonHR",4,0,2,3743005,0,3743005,4143311,0,4143311,2,0,2,0,68,0,68,28,0,28,3,0,3,0,0,0,354,0,354,26,0,26,112,0,112,38,0,38,27312.5,0,27312.5,175498.5,0,175498.5,37574,0,37574,68,0,68,27312.5,0,27312.5,26,0,26,2,0,0,0,0,0,0,0,0,0,0,0,0,0,0,0,0,0,0,0
"DA63940","HR",5,1,4,1873551,581,1874132,1873551,16974,1890525,1,1,2,3,8,37,45,3,4,7,0,7,7,0,3,3,78,2500,1289,26,45,38,36,822,822,26,822,822,24327,6315,6683,45950,17045,21458,42429,9768,9768,8,0,8,24327,0,24327,26,0,26,1,2,1,1,4,1,0,1,1,0,1,0,1,1,1,0,0,0,0,0
"DA63942","nonHR",1,0,2,560670,0,560670,2768108,0,2768108,0,0,0,0,23,0,23,7,0,7,1,0,1,0,0,0,174,0,174,23,0,23,106,0,106,33,0,33,10036,0,10036,88580,0,88580,37573,0,37573,23,0,23,10036,0,10036,23,0,23,2,0,0,0,0,0,0,0,0,0,0,0,0,0,0,0,0,0,0,0
"DA63946","nonHR",3,1,4,446873,9657,456530,2730389,9657,2740046,1,1,2,1,117,11,128,33,0,33,0,1,1,0,0,0,340,0,340,29,35,29.5,99,262,262,41,0,41,18509,6308,17705,102735,0,102735,22790,0,22790,117,0,117,18509,0,18509,29,0,29,3,1,0,0,1,1,0,0,0,0,0,0,0,0,0,0,0,0,0,0
"DA63954","nonHR",9,0,3,613943,0,613943,2627024,0,2627024,1,0,1,0,115,0,115,28,0,28,2,0,2,0,0,0,174,0,174,29,0,29,139,0,139,37,0,37,17806,0,17806,102632.5,0,102632.5,31047,0,31047,115,0,115,17806,0,17806,29,0,29,3,1,0,0,0,0,1,0,0,0,0,0,0,0,0,0,0,0,0,0
"DA63958","HR",4,1,5,653745,26385,680130,653745,115626.5,769371.5,0,2,2,4,10,56,66,3,30,33,2,20,22,2,8,10,716,713,714.5,76,49,65.5,431,1009,1009,431,646,646,5029.5,12926.5,12188,10095,22451,12943,9891,10390,9891,10,6,16,5029.5,404,404,76,58.5,76,3,0,1,1,1,1,0,0,1,1,1,1,1,0,0,0,0,0,0,0
"DA63960","nonHR",1,0,1,2832348,0,2832348,2832348,0,2832348,0,0,0,0,1,0,1,0,0,0,0,0,0,0,0,0,0,0,0,0,0,0,0,0,0,0,0,0,0,0,0,0,0,0,0,0,0,1,0,1,0,0,0,0,0,0,1,0,1,1,1,0,0,0,0,1,0,0,0,0,0,0,0,0,0,0
"DA63964","HR",5,1,5,1952273,26385,1978658,1952273,100088,2052361,1,3,4,4,12,157,169,5,34,39,3,25,28,3,8,11,714,3131,1922.5,78,23,24,236,1009,1009,236,485,485,10090.5,7158,7161,10209,50202.5,50189,10086,10390,10086,12,5,17,10090.5,268,10086,78,78,78,3,0,1,1,1,1,0,0,1,1,1,1,1,0,0,0,0,0,0,0
"DA63966","nonHR",2,0,1,3723852,0,3723852,3723852,0,3723852,1,0,1,0,10,0,10,3,0,3,0,0,0,0,0,0,78,0,78,29,0,29,36,0,36,26,0,26,18552,0,18552,45950,0,45950,42429,0,42429,10,0,10,18552,0,18552,29,0,29,1,0,0,0,0,0,0,0,0,0,0,0,0,0,0,0,0,0,0,0
"DA63968","nonHR",0,0,3,1512909,0,1512909,3890300,0,3890300,2,0,2,0,12,0,12,2,0,2,0,0,0,0,0,0,22,0,22,76,0,76,86,0,86,22,0,22,149,0,149,138377,0,138377,137909,0,137909,12,0,12,149,0,149,76,0,76,3,0,0,0,0,0,0,0,0,0,0,0,0,0,0,0,0,0,0,0
"DA63972","nonHR",5,0,3,1707168,0,1707168,3732324,0,3732324,1,0,1,0,95,0,95,26,0,26,0,0,0,0,0,0,100,0,100,26,0,26,84,0,84,38,0,38,7049,0,7049,159024.5,0,159024.5,31121,0,31121,95,0,95,7049,0,7049,26,0,26,3,0,0,0,0,0,0,0,0,0,0,0,0,0,0,0,0,0,0,0
"DA63974","nonHR",0,0,3,527477,0,527477,2765165,0,2765165,1,0,1,0,10,0,10,1,0,1,0,0,0,0,0,0,31,0,31,76,0,76,96,0,96,31,0,31,157,0,157,31350,0,31350,31350,0,31350,10,0,10,157,0,157,76,0,76,3,0,0,0,0,0,0,0,0,0,0,0,0,0,0,0,0,0,0,0
"DA63978","nonHR",1,0,1,3942646,0,3942646,3942646,0,3942646,0,0,0,0,10,0,10,4,0,4,0,0,0,0,0,0,101,0,101,26,0,26,36,0,36,26,0,26,24327,0,24327,45997,0,45997,42429,0,42429,10,0,10,24327,0,24327,26,0,26,1,0,0,0,0,0,0,0,0,0,0,0,0,0,0,0,0,0,0,0
"DA63980","nonHR",0,0,2,355047,0,355047,736579,0,736579,0,0,0,0,87,0,87,31,0,31,3,0,3,0,0,0,397,0,397,26,0,26,113,0,113,42,0,42,3159,0,3159,173834,0,173834,31214,0,31214,87,0,87,3159,0,3159,26,0,26,2,0,0,0,0,0,0,0,0,0,0,0,0,0,0,0,0,0,0,0
"DA63992","nonHR",1,0,3,301901,0,301901,1034313,0,1034313,1,0,1,0,25,0,25,6,0,6,0,0,0,0,0,0,65,0,65,23.5,0,23.5,84,0,84,22,0,22,273.5,0,273.5,141060,0,141060,85033,0,85033,25,0,25,273.5,0,273.5,23.5,0,23.5,3,0,0,0,0,0,0,0,0,0,0,0,0,0,0,0,0,0,0,0
"DA63996","nonHR",3,0,3,995392,0,995392,2957841,0,2957841,1,0,1,0,119,0,119,26,0,26,2,0,2,0,0,0,100,0,100,26,0,26,144,0,144,38,0,38,623,0,623,159023.5,0,159023.5,31121,0,31121,119,0,119,623,0,623,26,0,26,3,0,0,0,1,0,0,1,0,0,0,0,0,0,0,0,0,0,0,0
"DA64000","nonHR",2,0,3,1797848,14121,1811969,2169723.5,14121,2183844.5,0,1,1,1,87,25,112,31,5,36,3,1,4,0,0,0,397,148,243,26,43,29,113,138,138,42,43,43,3159,6296,4929,173834,3344,173622,31214,3324,3324,87,0,87,3159,0,3159,26,0,26,2,0,0,0,0,1,0,0,0,0,0,0,0,0,0,0,0,0,0,0
"DA64002","HR",5,1,4,155288,1102,156390,155288,177810,333098,0,1,1,3,1,18,19,0,5,5,0,0,0,0,0,0,0,143,143,0,36,36,0,96,96,0,41,41,0,25900,25900,0,146073,146073,0,74815,74815,1,17,18,0,25900,25900,0,36,36,3,1,0,0,1,0,0,1,1,0,0,2,0,1,1,0,0,0,0,0
"DA64004","HR",4,0,1,3842845,0,3842845,3842845,0,3842845,0,0,0,0,10,0,10,4,0,4,0,0,0,0,0,0,101,0,101,26,0,26,36,0,36,26,0,26,24327,0,24327,45997,0,45997,42429,0,42429,10,0,10,24327,0,24327,26,0,26,1,0,0,0,0,0,0,0,0,0,0,0,0,0,0,0,0,0,0,0
"DA64006","HR",5,1,4,1102,155288,156390,112403.5,245306.5,357710,0,1,1,2,7,12,19,0,5,5,0,0,0,0,0,0,0,143,143,76,29,36,84,96,96,0,41,41,159.5,67860,25900,0,146073,146073,0,74815,74815,6,12,18,159.5,67860,25900,76,29,36,3,1,0,0,1,0,0,1,1,0,0,2,0,1,1,0,0,0,0,0
"DA64008","nonHR",0,0,2,4031505,0,4031505,4428139.5,0,4428139.5,2,0,2,0,75,0,75,65,0,65,2,0,2,2,0,2,1274.5,0,1274.5,31,0,31,132,0,132,132,0,132,117756,0,117756,117758,0,117758,31247,0,31247,75,0,75,117756,0,117756,31,0,31,2,0,0,0,0,0,0,0,0,0,0,0,0,0,0,0,0,0,0,0
"DA64010","nonHR",4,0,3,1327543,0,1327543,3584577,0,3584577,2,0,2,0,94,0,94,28,0,28,0,0,0,0,0,0,118,0,118,30,0,30,93,0,93,37,0,37,20929.5,0,20929.5,103852.5,0,103852.5,22790,0,22790,94,0,94,20929.5,0,20929.5,30,0,30,3,0,1,1,2,0,0,1,0,0,0,0,0,0,0,0,0,0,0,0
"DA64014","nonHR",2,0,3,1838963,0,1838963,2515232,0,2515232,2,0,2,0,24,0,24,3,0,3,1,0,1,0,0,0,36,0,36,47.5,0,47.5,485,0,485,29,0,29,268,0,268,85841,0,85841,30986,0,30986,24,0,24,268,0,268,47.5,0,47.5,3,0,0,0,0,0,0,0,0,0,0,0,0,0,0,0,0,0,0,0
"DA64016","nonHR",7,0,3,478846,0,478846,1135540,0,1135540,1,0,1,0,28,0,28,5,0,5,3,0,3,2,0,2,40,0,40,29.5,0,29.5,769,0,769,769,0,769,41908,0,41908,106827,0,106827,46949,0,46949,28,0,28,41908,0,41908,29.5,0,29.5,3,0,0,0,0,0,0,0,0,0,0,0,0,0,0,0,0,0,0,0
"DA64024","HR",4,1,6,638707,56202,694909,638707,92802,731509,1,2,3,5,7,118,125,0,17,17,0,12,12,0,5,5,0,53,53,76,32.5,33,84,1680,1680,0,1680,1680,163,2640.5,2637,0,23757,23757,0,13853,13853,7,31,38,163,2660,2658,76,32,35,3,1,2,2,1,1,0,0,1,1,2,0,0,0,0,0,0,0,0,0
"DA64026","HR",4,0,3,3255439,1745,3257184,4290372.5,1745,4292117.5,1,0,1,1,25,1,26,8,0,8,0,0,0,0,0,0,117.5,0,117.5,26,0,26,61,0,61,49,0,49,16299,0,16299,21367,0,21367,281,0,281,10,0,10,24327,0,24327,26,0,26,1,1,0,0,1,0,0,1,1,0,1,0,1,1,1,0,0,0,0,0
"DA64034","nonHR",7,1,4,3565759,10143,3575902,3917517,372420,4289937,0,2,2,2,11,20,31,4,13,17,3,1,4,2,1,3,788,590,590,31,41.5,41,768,126,768,768,126,768,19384,6313,6875,57204.5,6898,6908,16921,6219,6219,11,5,16,19384,46,7692,31,76,76,3,0,0,0,0,1,0,0,0,0,0,0,0,0,0,0,0,0,0,0
"DA64044","nonHR",4,0,3,1897932,0,1897932,2600936,0,2600936,2,0,2,0,120,0,120,24,0,24,2,0,2,0,0,0,309.5,0,309.5,26,0,26,144,0,144,38,0,38,409.5,0,409.5,152700.5,0,152700.5,88499,0,88499,120,0,120,409.5,0,409.5,26,0,26,3,0,0,0,0,0,0,0,0,0,0,0,0,0,0,0,0,0,0,0
"DA64046","nonHR",4,0,3,3686360,64766,3751126,4067335.5,64766,4132101.5,2,0,2,1,23,66,89,10,1,11,0,7,7,0,1,1,140,820,178,27,36.5,33,86,1311,1311,36,820,820,31250,8627.5,9200,89049.5,7124,84530,31250,7124,7124,23,0,23,31250,0,31250,27,0,27,2,1,1,1,1,1,0,0,0,0,0,0,0,0,0,0,0,0,0,0
"DA64048","nonHR",2,0,2,0,25783,25783,0,287628,287628,0,0,0,2,0,13,13,0,6,6,0,0,0,0,0,0,0,166,166,0,27,27,0,99,99,0,35,35,0,13714,13714,0,41131,41131,0,31239,31239,0,13,13,0,13714,13714,0,27,27,2,0,0,0,0,0,0,0,0,0,0,0,0,0,0,0,0,0,0,0
"DA64058","nonHR",1,0,2,3700553,60131,3760684,3700553,60131,3760684,1,1,2,1,10,25,35,3,0,3,0,5,5,0,0,0,78,0,78,29,38,35,36,1632,1632,26,0,26,18552,5372,8633,45950,0,45950,42429,0,42429,10,0,10,18552,0,18552,29,0,29,1,1,1,1,2,1,0,1,1,0,0,0,0,0,0,0,0,0,0,0
"DA64060","nonHR",2,0,2,1863193,0,1863193,2205370,0,2205370,2,0,2,0,31,0,31,14,0,14,1,0,1,0,0,0,183.5,0,183.5,27,0,27,311,0,311,36,0,36,16626,0,16626,93480.5,0,93480.5,37532,0,37532,31,0,31,16626,0,16626,27,0,27,2,0,0,0,0,0,0,0,0,0,0,0,0,0,0,0,0,0,0,0
"DA62924","nonHR",1,0,2,3729981,0,3729981,4101187.5,0,4101187.5,2,0,2,0,2,0,2,0,0,0,0,0,0,0,0,0,0,0,0,0,0,0,0,0,0,0,0,0,0,0,0,0,0,0,0,0,0,2,0,2,0,0,0,0,0,0,2,0,0,0,0,0,0,0,0,0,0,0,0,0,0,0,0,0,0,0
"DA63090","nonHR",2,0,3,1426691,0,1426691,3725447,0,3725447,2,0,2,0,3,0,3,0,0,0,0,0,0,0,0,0,0,0,0,0,0,0,0,0,0,0,0,0,0,0,0,0,0,0,0,0,0,3,0,3,0,0,0,0,0,0,3,0,0,0,0,0,0,0,0,0,0,0,0,0,0,0,0,0,0,0
"DA63288","nonHR",2,0,2,3785844,0,3785844,4162407.5,0,4162407.5,2,0,2,0,2,0,2,0,0,0,0,0,0,0,0,0,0,0,0,0,0,0,0,0,0,0,0,0,0,0,0,0,0,0,0,0,0,2,0,2,0,0,0,0,0,0,2,0,0,0,0,0,0,0,0,0,0,0,0,0,0,0,0,0,0,0
"DA63328","nonHR",7,0,3,1867959,0,1867959,3949893,0,3949893,1,0,1,0,3,0,3,0,0,0,0,0,0,0,0,0,0,0,0,0,0,0,0,0,0,0,0,0,0,0,0,0,0,0,0,0,0,3,0,3,0,0,0,0,0,0,3,0,0,0,0,0,0,0,0,0,0,0,0,0,0,0,0,0,0,0
"DA63598","nonHR",0,0,2,3674327,0,3674327,4053919,0,4053919,2,0,2,0,2,0,2,0,0,0,0,0,0,0,0,0,0,0,0,0,0,0,0,0,0,0,0,0,0,0,0,0,0,0,0,0,0,2,0,2,0,0,0,0,0,0,2,0,0,0,0,0,0,0,0,0,0,0,0,0,0,0,0,0,0,0
"DA63670","nonHR",1,0,2,3445605,0,3445605,3827332.5,0,3827332.5,2,0,2,0,2,0,2,0,0,0,0,0,0,0,0,0,0,0,0,0,0,0,0,0,0,0,0,0,0,0,0,0,0,0,0,0,0,2,0,2,0,0,0,0,0,0,2,0,0,0,0,0,0,0,0,0,0,0,0,0,0,0,0,0,0,0
"DA63800","nonHR",1,0,1,4016084,0,4016084,4016084,0,4016084,0,0,0,0,1,0,1,0,0,0,0,0,0,0,0,0,0,0,0,0,0,0,0,0,0,0,0,0,0,0,0,0,0,0,0,0,0,1,0,1,0,0,0,0,0,0,1,0,0,0,0,0,0,0,0,0,0,0,0,0,0,0,0,0,0,0
"DA63810","nonHR",2,0,2,3445605,0,3445605,3826860,0,3826860,2,0,2,0,2,0,2,0,0,0,0,0,0,0,0,0,0,0,0,0,0,0,0,0,0,0,0,0,0,0,0,0,0,0,0,0,0,2,0,2,0,0,0,0,0,0,2,0,0,0,0,0,0,0,0,0,0,0,0,0,0,0,0,0,0,0
